"store_id","prod_id","category","org_price","suggested_price","est_org_vol","est_vol","est_cost","est_org_rev","est_rev","est_prft","incre_rev","incre_prft"
342,999309400,"BEER WITH ALCOHOL",13.79,16.55,3.35462637115472,8.75102083374614,12.0555,46.2602976582236,144.829394798499,39.3314631372721,98.5690971402751,33.5128636965042
349,999309400,"BEER WITH ALCOHOL",13.79,16.55,0.12353973628233,7.69999999984732,12.0555,1.70361296333333,127.434999997473,34.6076499993138,125.73138703414,34.3933703267321
344,999309400,"BEER WITH ALCOHOL",13.79,16.55,20.8999999997173,20.8999997586712,12.0555,288.210999996101,345.894996006009,93.9350489153478,57.6839960099072,57.6839989158381
341,999309400,"BEER WITH ALCOHOL",13.79,12.14,0.488058756180962,2.05979967840084,12.0555,6.73033024773546,25.0059680957862,0.174053072824872,18.2756378480508,-0.672484839771006
345,999309400,"BEER WITH ALCOHOL",13.79,16.55,0.999999999999981,4.39999999959475,12.0555,13.7899999999997,72.8199999932931,19.7757999981786,59.0299999932933,18.0412999981786
348,999309400,"BEER WITH ALCOHOL",13.79,16.55,1.22252842372921,12.0999931748051,12.0555,16.8586669632258,200.254887043025,54.3834193241617,183.396220079799,52.2629437732033
342,999345354,"BEER WITH ALCOHOL",15.99,19.19,1.72815330371189,10.8291405431723,8.5405,27.6331713263532,207.811207023476,115.324932214513,180.178035697123,102.451054178511
349,999345354,"BEER WITH ALCOHOL",15.99,12.79,0.256932667199149,6.3622565999396,8.5405,4.10835334851439,81.3732619132275,27.0364094214433,77.2649085647131,25.1223895171433
346,999345354,"BEER WITH ALCOHOL",15.99,19.19,2.58395615434678,3.29999859237771,8.5405,41.317458908005,63.3269729877283,35.1433350095265,22.0095140797233,15.8941536377201
343,999345354,"BEER WITH ALCOHOL",15.99,19.19,1,1,8.5405,15.99,19.19,10.6495,3.2,3.2
344,999345354,"BEER WITH ALCOHOL",15.99,12.79,1.99614864373531,3.5261245250821,8.5405,31.9184168133275,45.0991326758001,14.9842661693364,13.1807158624725,0.11395684783022
341,999345354,"BEER WITH ALCOHOL",15.99,19.19,4.7044628385636,12.0907879545575,8.5405,75.224360788632,232.022220847958,128.76084632206,156.797860059326,93.7149504061803
345,999345354,"BEER WITH ALCOHOL",15.99,17.59,1.27400527231637,1.16533151755514,8.5405,20.3713443043388,20.4981813937949,10.5456675681152,0.126837089456103,1.05496529199441
395,999345354,"BEER WITH ALCOHOL",15.99,19.19,0.999999999999999,1,8.5405,15.99,19.19,10.6495,3.20000000000003,3.20000000000002
348,999345354,"BEER WITH ALCOHOL",15.99,19.19,1,1,8.5405,15.99,19.19,10.6495,3.2,3.2
342,999516116,"BEER WITH ALCOHOL",21.49,18.48,1.02038970152457,8.47522560766221,12.2455,21.928174685763,156.622169229598,52.8387940509701,134.693994543835,43.4058014552262
349,999516116,"BEER WITH ALCOHOL",21.49,17.19,8.37788151623101e-07,4.57929736084536e-06,12.2455,1.80040673783804e-05,7.87181216329317e-05,2.26423358006999e-05,6.07140542545513e-05,1.48974032330201e-05
346,999516116,"BEER WITH ALCOHOL",21.49,25.79,1,1,12.2455,21.49,25.79,13.5445,4.3,4.3
343,999516116,"BEER WITH ALCOHOL",21.49,25.79,0.732757878151845,2.33326818230783,12.2455,15.7469668014832,60.1749864217189,31.6029508952684,44.4280196202357,24.8289706906936
345,999516116,"BEER WITH ALCOHOL",21.49,18.91,1.48471072925775,1.72098278672269,12.2455,31.9064335717491,32.5437844969261,11.4694897821134,0.637350925177028,-2.2559185545099
395,999516116,"BEER WITH ALCOHOL",21.49,25.79,0.316819643727151,7.69788055688072,12.2455,6.80845414369646,198.528339561954,104.263943202671,191.719885418257,101.335104006235
588,999516116,"BEER WITH ALCOHOL",21.49,17.19,0.892723106720796,1.79844376080079,12.2455,19.1846195634299,30.9152482481656,8.8924051752795,11.7306286847357,0.639626415199109
342,999357977,"BEER WITH ALCOHOL",21.99,26.39,3.50237836148014,10.8117348937055,9.4905,77.0173001689483,285.321683844889,182.712913836177,208.304383675941,138.934935506856
341,999357977,"BEER WITH ALCOHOL",21.99,18.47,0.0815907394926653,3.24952528756467,9.4905,1.79418036144371,60.0187320613194,29.1791123196869,58.2245516998757,28.1592688713984
345,999357977,"BEER WITH ALCOHOL",21.99,17.59,0.539860579161029,5.24329521644404,9.4905,11.871534135751,92.2295628572507,42.4680696055885,80.3580287214997,35.7200822963653
348,999357977,"BEER WITH ALCOHOL",21.99,26.39,2.5059129853072e-06,2.5059129853072e-06,9.4905,5.51050265469053e-05,6.6131043682257e-05,4.2348676495199e-05,1.10260171353517e-05,1.10260171353517e-05
342,999252242,"BEER WITH ALCOHOL",15.99,13.75,1.12642228598222,14.012508654352,7.5905,18.0114923528557,192.671993997341,86.3100470564815,174.660501644485,76.8486630653738
349,999252242,"BEER WITH ALCOHOL",15.99,19.19,0.916450004740749,3.19530406960701,7.5905,14.6540355758046,61.3178850957585,37.0639295554065,46.6638495199539,29.3662077405866
346,999252242,"BEER WITH ALCOHOL",15.99,19.19,2.05112686323423,2.98717111994934,7.5905,32.7975185431153,57.3238137918279,34.6496914058524,24.5262952487126,17.4212513181165
341,999252242,"BEER WITH ALCOHOL",15.99,19.19,2,2,7.5905,31.98,38.38,23.199,6.4,6.4
345,999252242,"BEER WITH ALCOHOL",15.99,19.19,1.00000000000002,1.00000000000003,7.5905,15.9900000000003,19.1900000000006,11.5995000000004,3.20000000000027,3.20000000000019
348,999252242,"BEER WITH ALCOHOL",15.99,18.55,10.7571971707771,9.93617149403446,7.5905,172.007582760726,184.315981214339,108.895471488871,12.3083984536133,18.5403938529284
588,999252242,"BEER WITH ALCOHOL",15.99,13.11,2.67364876236911,5.08336542892291,7.5905,42.751643710282,66.6429207731793,28.05763548494,23.8912770628974,5.6003227054207
349,999245601,"BEER WITH ALCOHOL",24.99,29.99,1,1,10.6305,24.99,29.99,19.3595,5,5
346,999245601,"BEER WITH ALCOHOL",23.99,28.79,1.00296767161557,3.29997205781283,10.6305,24.0611944420574,95.0061955444314,59.9258425838521,70.9450011023739,46.5266959749039
343,999245601,"BEER WITH ALCOHOL",24.99,22.49,0.000174926745979238,4.35021195728332,10.6305,0.00437141938202117,97.8362669193018,51.5913387074015,97.8318954999198,51.5888268467926
344,999245601,"BEER WITH ALCOHOL",24.99,19.99,1.58771091700707,2.23025386839243,10.6305,39.6768958160066,44.5827748291647,20.8740610812189,4.90587901315809,-1.92467383154402
341,999245601,"BEER WITH ALCOHOL",24.99,27.99,0.916292579710351,0.823459253632718,10.6305,22.8981515669617,23.0486245091798,14.2948409134372,0.150472942218098,1.13733761508638
395,999245601,"BEER WITH ALCOHOL",23.99,28.79,0.790011372841222,2.19466213192774,10.6305,18.9523728344609,63.1843227781995,39.8539669847417,44.2319499437386,29.2998100492694
348,999245601,"BEER WITH ALCOHOL",24.99,29.99,0.273675786446468,2.11105997356184,10.6305,6.83915790329722,63.3106886071197,40.8690655581705,56.4715307038225,36.9392181026925
342,999232237,"COFFEES AND ROASTED MIXTURES",2.89,3.47,1.78260228438902,2.80448128307553,1.3205,5.15172060188427,9.73155005227208,6.02823251797085,4.5798294503878,3.23043823262227
349,999232237,"COFFEES AND ROASTED MIXTURES",2.89,3.47,6.00000000000004,34.323958775243,1.3205,17.3400000000001,119.104136950093,73.7793493873849,101.764136950093,64.3623493873848
346,999232237,"COFFEES AND ROASTED MIXTURES",2.89,3.47,4.0419329646441,13.4174120954951,1.3205,11.6811862678215,46.5584199713681,28.8407272992668,34.8772337035467,22.4969135112579
343,999232237,"COFFEES AND ROASTED MIXTURES",2.89,3.47,6,31.5643839403671,1.3205,17.34,109.528412273074,67.8476432798192,92.188412273074,58.4306432798192
341,999232237,"COFFEES AND ROASTED MIXTURES",2.89,2.66,13.2369336703081,15.3806486784008,1.3205,38.2547383071903,40.9125254845461,20.6023789047179,2.65778717735586,-0.172988490830612
395,999232237,"COFFEES AND ROASTED MIXTURES",2.89,2.31,2.60983047503466,5.40055878878354,1.3205,7.54241007285017,12.47529080209,5.34385292150132,4.93288072923982,1.24772399093442
348,999232237,"COFFEES AND ROASTED MIXTURES",2.89,3.47,3.20785381003378,3.20785381003378,1.3205,9.27069751099761,11.1312527208172,6.8952817646676,1.86055520981959,1.86055520981959
588,999232237,"COFFEES AND ROASTED MIXTURES",2.89,2.31,1.33898635531068,2.05452231794761,1.3205,3.86967056684787,4.74594655445897,2.03294983360916,0.876275987611101,-0.068589251050958
342,999374144,"COFFEES AND ROASTED MIXTURES",3.59,2.87,1.48828583294117,3.86081092055525,2.2705,5.34294614025879,11.0805273419936,2.31455614687287,5.73758120173477,0.350762990307
346,999374144,"COFFEES AND ROASTED MIXTURES",3.59,4.31,5.70017539427318,28.7490824063165,2.2705,20.4636296654407,123.908545171224,58.6337535676824,103.444915505783,51.112372134939
343,999374144,"COFFEES AND ROASTED MIXTURES",3.59,4.31,2.7538458797272,5.12311910800249,2.2705,9.88630670822065,22.0806433554907,10.4486014207711,12.1943366472701,6.81490178247103
341,999374144,"COFFEES AND ROASTED MIXTURES",3.59,4.31,1.13275967562766,2.62904277671518,2.2705,4.0666072355033,11.3311743676424,5.36193274311062,7.26456713213914,3.86725635111992
345,999374144,"COFFEES AND ROASTED MIXTURES",3.59,2.87,3.67372727657282,7.53518001463872,2.2705,13.1886809228964,21.6259666420131,4.51734041877591,8.43728571911668,-0.330142722661927
588,999374144,"COFFEES AND ROASTED MIXTURES",3.59,2.87,3.26925847665705,7.52508090658509,2.2705,11.7366379311988,21.5969822018992,4.51128600349776,9.86034427070039,0.19749944354878
342,999167043,"COFFEES AND ROASTED MIXTURES",11.49,13.79,0.968338620171498,5.49946987985969,9.823,11.1262107457705,75.8376896432652,21.8163970134034,64.7114788974946,20.2021765335775
346,999167043,"COFFEES AND ROASTED MIXTURES",11.49,11.26,1.45816770886033e-73,2.19999769958605,9.823,1.67543469748052e-72,24.7719740973389,3.16139669430515,24.7719740973389,3.16139669430515
344,999167043,"COFFEES AND ROASTED MIXTURES",11.49,13.79,2.12658466780644,2.1928658265306,9.823,24.434457833096,30.239619747857,8.6990987338469,5.80516191476098,5.15408209261355
341,999167043,"COFFEES AND ROASTED MIXTURES",11.49,13.79,1.77570757316823,4.39206562724159,9.823,20.4028800157029,60.5665849996616,17.4233243432674,40.1637049839587,14.463219818796
348,999167043,"COFFEES AND ROASTED MIXTURES",11.49,13.79,1,1,9.823,11.49,13.79,3.967,2.3,2.3
342,999409443,"BEER WITH ALCOHOL",16.59,19.91,2,2,7.543,33.18,39.82,24.734,6.64,6.64
349,999409443,"BEER WITH ALCOHOL",16.59,13.27,1.38439697112884,1.830445927932,7.543,22.9671457510274,24.2900174636577,10.4829638292666,1.32287171263024,-2.04167556853603
346,999409443,"BEER WITH ALCOHOL",16.59,13.27,1.33975675366293,3.34740675440739,7.543,22.2265645432679,44.4200876309861,19.1705984824911,22.1935230877182,7.04981913210266
343,999409443,"BEER WITH ALCOHOL",16.59,19.91,2.43704220970394,2.55794410764918,7.543,40.4305302589884,50.9286671832952,31.6340947792974,10.4981369243069,9.5861739081059
344,999409443,"BEER WITH ALCOHOL",16.59,19.91,1.39290701709143,1.39290701709143,7.543,23.1083274135469,27.7327787102904,17.2260810803697,4.62445129674355,4.62445129674356
341,999409443,"BEER WITH ALCOHOL",16.59,19.91,4.99383235070895e-21,4.99383235070895e-21,7.543,8.28476786982615e-20,9.94272021026152e-20,6.17587246812176e-20,1.65795234043537e-20,1.65795234043537e-20
345,999409443,"BEER WITH ALCOHOL",16.59,19.91,10.2729525445801,10.2678225538648,7.543,170.428282714583,204.432347047447,126.982161523645,34.0040643328642,34.0427598528297
348,999409443,"BEER WITH ALCOHOL",16.59,13.27,0.287492406495347,0.727435595109106,7.543,4.7694990237578,9.65307034709783,4.16602365318985,4.88357132334003,1.56507985162645
588,999409443,"BEER WITH ALCOHOL",16.59,13.27,1.03180917916294,5.12370436570258,7.543,17.1177142823132,67.9915569328733,29.3434549023787,50.87384265056,20.0086772584915
342,999248663,"COFFEES AND ROASTED MIXTURES",2.89,2.31,0.82606040221982,10.3782733498312,1.3205,2.38731456241528,23.9738114381101,10.269301479658,21.5864968756948,8.97279967837399
349,999248663,"COFFEES AND ROASTED MIXTURES",2.89,3.47,6.40485068439365,9.16908580767667,1.3205,18.5100184778976,31.8167277526381,19.708949943601,13.3067092747404,9.65653679444519
346,999248663,"COFFEES AND ROASTED MIXTURES",2.89,3.47,2.84077220563373e-10,2.2894157693399e-05,1.3205,8.20983167428149e-10,7.94427271960945e-05,4.92109919619611e-05,7.94419062129271e-05,4.92105461027635e-05
344,999248663,"COFFEES AND ROASTED MIXTURES",2.89,3.47,2.27277414605285,12.430542667086,1.3205,6.56831728209274,43.1339830547883,26.7194514629013,36.5656657726955,23.1523324406713
345,999248663,"COFFEES AND ROASTED MIXTURES",2.89,2.31,2.47621160592553,7.26815607278806,1.3205,7.15625154112479,16.7894405281404,7.19184043402378,9.63318898701563,3.30542631852366
348,999248663,"COFFEES AND ROASTED MIXTURES",2.89,3.47,4.50548260637622,4.50548260637622,1.3205,13.0208447324273,15.6340246441255,9.68453486240568,2.61317991169821,2.61317991169821
588,999248663,"COFFEES AND ROASTED MIXTURES",2.89,3.47,7.80165693388834,11.9084407446861,1.3205,22.5467885389373,41.3222893840607,25.5971933807027,18.7755008451234,13.352492822965
342,999248659,"COFFEES AND ROASTED MIXTURES",2.89,2.31,3.05704624851003,5.93847498747118,1.3205,8.83486365819398,13.7178772210584,5.87612100010274,4.88301356286445,1.07808691306625
349,999248659,"COFFEES AND ROASTED MIXTURES",2.89,3.47,3.57042237455133,6.40296798870729,1.3205,10.3185206624534,22.2182989208143,13.7631796917263,11.8997782583609,8.159401774868
346,999248659,"COFFEES AND ROASTED MIXTURES",2.89,3.47,2.82965347429761,2.82965347429761,1.3205,8.1776985407201,9.81889755581271,6.08234014300272,1.64119901509261,1.64119901509261
343,999248659,"COFFEES AND ROASTED MIXTURES",2.89,2.31,0.221909411092583,1.94639833634313,1.3205,0.641318198057565,4.49618015695263,1.92596115381153,3.85486195889507,1.57767433310172
344,999248659,"COFFEES AND ROASTED MIXTURES",2.89,3.47,1.6680434568965,11.1553269098135,1.3205,4.8206455904309,38.7089843770527,23.9783751926441,33.8883387866218,21.360380987045
341,999248659,"COFFEES AND ROASTED MIXTURES",2.89,3.47,8.8,8.8,1.3205,25.432,30.536,18.9156,5.104,5.104
345,999248659,"COFFEES AND ROASTED MIXTURES",2.89,3.47,1.28358369760227,1.44008208607141,1.3205,3.70955688607055,4.99708483866778,3.09545644401049,1.28752795259723,1.08087183062373
395,999248659,"COFFEES AND ROASTED MIXTURES",2.89,3.47,2.33828549012869,10.3806020558397,1.3205,6.75764506647191,36.0206891337638,22.3131041190274,29.2630440672919,18.6431650422705
348,999248659,"COFFEES AND ROASTED MIXTURES",2.89,2.6,4.07615280634849,6.2052508842841,1.3205,11.7800816103471,16.1336522991387,7.93961850644151,4.35357068879153,1.54209667687755
588,999248659,"COFFEES AND ROASTED MIXTURES",2.89,2.31,1.73017971380563,2.90552533546958,1.3205,5.00021937289827,6.71176352493472,2.87501731944715,1.71154415203645,0.159500258629212
342,999266067,"BEER WITH ALCOHOL",12.99,15.59,2,2,5.8805,25.98,31.18,19.419,5.20000000000001,5.20000000000001
349,999266067,"BEER WITH ALCOHOL",12.99,15.59,1.97410862591923,2.11725169652662,5.8805,25.6436710506908,33.00795394885,20.5574553474252,7.36428289815921,6.52253007145245
343,999266067,"BEER WITH ALCOHOL",12.99,15.59,0.61092940452812,0.988148968454998,5.8805,7.93597296482027,15.4052424182134,9.5944324092138,7.46926945339314,5.25102980772113
344,999266067,"BEER WITH ALCOHOL",12.99,15.59,4.17391113147866,7.73594366359456,5.8805,54.2191055979077,120.603361715439,75.1121450016714,66.3842561175315,45.4377238124239
341,999266067,"BEER WITH ALCOHOL",12.99,15.59,1,1,5.8805,12.99,15.59,9.7095,2.6,2.6
345,999266067,"BEER WITH ALCOHOL",12.99,15.59,1,1,5.8805,12.99,15.59,9.7095,2.6,2.6
395,999266067,"BEER WITH ALCOHOL",12.99,15.59,1,1,5.8805,12.99,15.59,9.7095,2.6,2.6
342,999255306,"COFFEES AND ROASTED MIXTURES",2.89,2.31,1.6568653389468,3.99564848393738,1.767,4.78834082955624,9.22994799789534,2.169637126778,4.44160716833909,0.308977351140743
343,999255306,"COFFEES AND ROASTED MIXTURES",2.89,3.47,0.781239959455924,0.940598641965545,1.767,2.25778348282762,3.26387728762044,1.60183948726732,1.00609380479282,0.72450701279832
344,999255306,"COFFEES AND ROASTED MIXTURES",2.89,2.6,1.17305111300461e-05,6.5049949298092,1.767,3.39011771658333e-05,16.9129868175039,5.41866077653107,16.9129529163268,5.41864760316707
341,999255306,"COFFEES AND ROASTED MIXTURES",2.89,3.47,1,1,1.767,2.89,3.47,1.703,0.58,0.58
345,999255306,"COFFEES AND ROASTED MIXTURES",2.89,2.31,1.98385020000681,3.91687490438372,1.767,5.73332707801969,9.0479810291264,2.12686307308036,3.3146539511067,-0.101000701527291
395,999255306,"COFFEES AND ROASTED MIXTURES",2.89,3.47,3,10.8258816911362,1.767,8.67000000000001,37.5658094682427,18.436476520005,28.8958094682427,15.067476520005
348,999255306,"COFFEES AND ROASTED MIXTURES",2.89,3.47,3.54979061768848,7.69999999273544,1.767,10.2588948851197,26.718999974792,13.1130999876285,16.4601050896723,9.12668512396429
588,999255306,"COFFEES AND ROASTED MIXTURES",2.89,2.31,0.39430022291325,7.94310341964896,1.767,1.13952764421929,18.3485688993891,4.31310515686939,17.2090412551698,3.87030600653781
342,999344744,"BEER WITH ALCOHOL",11.99,14.39,2.16180396514072,2.86163686600607,5.3105,25.9200295420373,41.1789545018274,25.9822319249022,15.2589249597901,11.5424623397447
349,999344744,"BEER WITH ALCOHOL",11.99,9.59,2.26668853766996,5.64565785379741,5.3105,27.1775955666628,54.1418588179171,24.160592785326,26.9642632512543,9.02024669795949
346,999344744,"BEER WITH ALCOHOL",11.99,9.59,1.22313092177647,3.20643617455503,5.3105,14.6653397520999,30.7497229139828,13.7219436090083,16.0843831618829,5.55204061700234
343,999344744,"BEER WITH ALCOHOL",11.99,9.59,1.22468834670045,1.63328883371319,5.3105,14.6840132769384,15.6632399153095,6.98965956387559,0.979226638371065,-1.19064624791008
345,999344744,"BEER WITH ALCOHOL",11.99,9.59,0.609910636741027,1.30224619543733,5.3105,7.31282853452492,12.488541014244,5.57296259337406,5.17571247971909,1.49906449526237
395,999344744,"BEER WITH ALCOHOL",11.99,14.39,2.68665914244256,3.59032300950308,5.3105,32.2130431178863,51.6647481067494,32.5983377647833,19.4517049888631,14.6527980228382
348,999344744,"BEER WITH ALCOHOL",11.99,12.71,6.25875907415416,5.92013187561697,5.3105,75.0425212991083,75.2448761390918,43.8060158136278,0.202354839983428,2.00063457781513
342,999377401,"COFFEES AND ROASTED MIXTURES",3.59,4.31,0.0392346722796529,1.93550477333356,3.2205,0.140852473483954,8.34202557306766,2.10873245054692,8.20117309958371,2.09423523913959
346,999377401,"COFFEES AND ROASTED MIXTURES",3.59,3.45,1.95932141138401,2.15741597862334,3.2205,7.03396386686861,7.44308512625052,0.495126967094057,0.40912125938191,-0.228842294412336
341,999377401,"COFFEES AND ROASTED MIXTURES",3.59,3.23,0.170731707317078,4.31602778765249,3.2205,0.612926829268308,13.9407697541175,0.0410022639826995,13.3278429248492,-0.0220831018709606
345,999377401,"COFFEES AND ROASTED MIXTURES",3.59,4.31,3.06361397238105,4.38336722374264,3.2205,10.998374160848,18.8923127343308,4.7756785902676,7.89393857348279,3.6436732274728
395,999377401,"COFFEES AND ROASTED MIXTURES",3.59,4.31,1.62475480054799e-66,12.0999999999947,3.2205,5.83286973396727e-66,52.1509999999773,13.1829499999943,52.1509999999773,13.1829499999943
348,999377401,"COFFEES AND ROASTED MIXTURES",3.59,4.31,1,1,3.2205,3.59,4.31,1.0895,0.72,0.72
588,999377401,"COFFEES AND ROASTED MIXTURES",3.59,4.31,1,1,3.2205,3.59,4.31,1.0895,0.720000000000002,0.72
349,999177484,"COFFEES AND ROASTED MIXTURES",3.59,4.31,1.20816606895592,4.39999883426267,2.489,4.33731618755175,18.9639949756721,8.01239787719232,14.6266787881204,6.68220703527186
343,999177484,"COFFEES AND ROASTED MIXTURES",3.59,2.94,0.342752112719782,4.1646819685668,2.489,1.23048008466402,12.2441649875864,1.87827156782363,11.0136849029224,1.50090149171915
344,999177484,"COFFEES AND ROASTED MIXTURES",3.59,3.45,2.24966236694846,7.66612216775135,2.489,8.07628789734497,26.4481214787422,7.36714340320905,18.3718335813972,4.89026513719879
345,999177484,"COFFEES AND ROASTED MIXTURES",3.59,3.09,1.52199358868472,11.6739283933138,2.489,5.46395698337815,36.0724387353396,7.01603096438158,30.6084817519614,5.3403160232397
348,999177484,"COFFEES AND ROASTED MIXTURES",3.59,4.31,0.764880615397961,0.764880615397961,2.489,2.74592140927868,3.29663545236521,1.39284760063969,0.550714043086532,0.550714043086532
588,999177484,"COFFEES AND ROASTED MIXTURES",3.59,4.31,3.23728065357062,4.39942555809823,2.489,11.6218375463185,18.9615241554034,8.01135394129688,7.33968660908485,4.44710794171563
342,999178701,"COFFEES AND ROASTED MIXTURES",5.79,5.33,1.32835062987083,1.71056094656621,5.2155,7.69115014695212,9.11728984519792,0.195859228381831,1.4261396982458,-0.567278208478963
349,999178701,"COFFEES AND ROASTED MIXTURES",5.79,5.33,0.999999999999998,4.33391668774758,5.2155,5.78999999999999,23.0997759456946,0.496233460747103,17.3097759456946,-0.0782665392528967
346,999178701,"COFFEES AND ROASTED MIXTURES",5.79,6.95,0.331555847002732,5.49999999999979,5.2155,1.91970835414582,38.2249999999985,9.53974999999963,36.3052916458527,9.34927116589656
344,999178701,"COFFEES AND ROASTED MIXTURES",5.79,6.95,9.69741157547061,9.48115686458947,5.2155,56.1480130219748,65.8940402088968,16.4450665816304,9.74602718692195,10.8739036315226
341,999178701,"COFFEES AND ROASTED MIXTURES",5.79,5.33,2.12416535433101,2.7660587100652,5.2155,12.2989174015766,14.7430929246475,0.316713722302467,2.44417552307096,-0.9036192737607
395,999178701,"COFFEES AND ROASTED MIXTURES",5.79,5.33,1,2.67315348335782,5.2155,5.79000000000002,14.2479080662972,0.306076073844473,8.45790806629718,-0.268423926155529
346,999307100,"COFFEES AND ROASTED MIXTURES",5.49,6.59,1.376593153759,1.376593153759,4.7405,7.55749641413689,9.07174888327178,2.54600903787726,1.5142524691349,1.5142524691349
343,999307100,"COFFEES AND ROASTED MIXTURES",5.49,6.59,1.42804786860663,1.42804786860663,4.7405,7.83998279865039,9.41083545411768,2.64117453298796,1.57085265546729,1.57085265546729
344,999307100,"COFFEES AND ROASTED MIXTURES",5.49,6.59,0.346554631790703,1.53738478600354,4.7405,1.90258492853096,10.1313657397633,2.84339316171354,8.22878081123235,2.58365046518641
341,999307100,"COFFEES AND ROASTED MIXTURES",5.49,4.83,1.35362436034671,12.9815720689815,4.7405,7.43139773830344,62.7009930931805,1.16185070017384,55.269595354877,0.147309242093984
345,999307100,"COFFEES AND ROASTED MIXTURES",5.49,6.59,1.1981854324381,1.1981854324381,4.7405,6.57803802408514,7.89604199976705,2.21604395729426,1.3180039756819,1.3180039756819
395,999307100,"COFFEES AND ROASTED MIXTURES",5.49,6.59,2.04772538077187,2.04772538077187,4.7405,11.2420123404375,13.4945102592866,3.78726809173756,2.25249791884905,2.25249791884905
348,999307100,"COFFEES AND ROASTED MIXTURES",5.49,6.59,2.03797495163177,2.03797495163177,4.7405,11.1884824844584,13.4302549312534,3.76923467304297,2.24177244679495,2.24177244679495
588,999307100,"COFFEES AND ROASTED MIXTURES",5.49,4.83,1.29009177943798,1.84223967695998,4.7405,7.0826038691145,8.89801763971669,0.164880451087919,1.81541377060219,-0.802043337600846
349,999226236,"BEER WITH ALCOHOL",17.99,14.39,0.00185196892957808,0.02707678080524,8.5405,0.0333169210431096,0.389634875787404,0.158385629320251,0.356317954744294,0.140885448920203
346,999226236,"BEER WITH ALCOHOL",17.99,21.59,1.49688401209746e-14,3.10508542880086e-14,8.5405,2.69289433776334e-13,6.70387944078106e-13,4.05198123031368e-13,4.01098510301772e-13,2.63750068308219e-13
343,999226236,"BEER WITH ALCOHOL",17.99,14.39,0.999999999999998,2.89168034062846,8.5405,17.99,41.6112801016435,16.9148841525062,23.6212801016435,7.46538415250619
341,999226236,"BEER WITH ALCOHOL",17.99,14.39,1.74738878831385,2.4195550034576,8.5405,31.4355243017662,34.8173964997548,14.1531869927252,3.38187219798866,-2.35876336244651
348,999226236,"BEER WITH ALCOHOL",17.99,21.59,1.36617983309662,3.15245140698697,8.5405,24.5775751974082,68.0614258768487,41.1379146354765,43.4838506794405,28.22819830263
342,999385340,"BEER WITH ALCOHOL",9.99,11.99,3.00355598573456,5.02397529346495,5.4055,30.0055242974882,60.2374637686447,33.0803653198199,30.2319394711565,19.3105629032199
346,999385340,"BEER WITH ALCOHOL",9.99,11.99,1.45036036058141,1.45036036058141,5.4055,14.4891000022083,17.3898207233711,9.54989779424832,2.90072072116283,2.90072072116283
344,999385340,"BEER WITH ALCOHOL",9.99,11.99,1.91841949268606,2.51682161649339,5.4055,19.1650107319338,30.1766911817558,16.5720119338007,11.011680449822,7.77701776958149
341,999385340,"BEER WITH ALCOHOL",9.99,11.99,1.62053793559149,1.62053793559149,5.4055,16.189173976559,19.430249847742,10.6704320369022,3.24107587118298,3.24107587118298
345,999385340,"BEER WITH ALCOHOL",9.99,11.99,1.70888923113216,2.11011893341553,5.4055,17.0718034190103,25.3003260116522,13.8940781170745,8.2285225926419,6.05967543694915
395,999385340,"BEER WITH ALCOHOL",9.99,11.99,2.33610475350918,2.33610475350918,5.4055,23.3376864875567,28.0098959945751,15.3820817494812,4.67220950701837,4.67220950701837
348,999385340,"BEER WITH ALCOHOL",9.99,11.99,1,1,5.4055,9.99000000000001,11.99,6.58450000000001,2.00000000000001,2.00000000000001
588,999385340,"BEER WITH ALCOHOL",9.99,11.99,1.18055973199758,1.40847832442847,5.4055,11.7937917226558,16.8876551098973,9.27412552719924,5.09386338724152,3.86184943585635
349,999177496,"COFFEES AND ROASTED MIXTURES",3.59,4.31,0.999999999999808,3.29915147265992,2.489,3.58999999999931,14.2193428471643,6.00775483171372,10.629342847165,4.90675483171393
343,999177496,"COFFEES AND ROASTED MIXTURES",3.59,4.31,2.02183399624089,1.79443061773013,2.489,7.2583840465048,7.73399596241685,3.26765815488656,0.475611915912044,1.04161892502534
344,999177496,"COFFEES AND ROASTED MIXTURES",3.59,3.09,0.999999999999992,5.28833026875896,2.489,3.58999999999997,16.3409405304652,3.17828649152414,12.7509405304652,2.07728649152415
395,999177496,"COFFEES AND ROASTED MIXTURES",3.59,3.3,1.00000000000001,8.75339895006617,2.489,3.59000000000004,28.8862165352184,7.09900654850366,25.2962165352183,5.99800654850365
588,999177496,"COFFEES AND ROASTED MIXTURES",3.59,4.31,2.11208690187894,5.93427831544029,2.489,7.58239197774541,25.5767395395476,10.8063208124168,17.9943475618022,8.48091313344804
349,999374141,"COFFEES AND ROASTED MIXTURES",3.59,3.81,2.19999999986503,2.16538655036387,3.2205,7.89799999951547,8.25012275688635,1.2764953714395,0.352122757370879,0.463595371489373
346,999374141,"COFFEES AND ROASTED MIXTURES",3.59,3.23,0.106122830956418,0.815784056072766,3.2205,0.380980963133539,2.63498250111504,0.00774994853269151,2.2540015379815,-0.0314624375057048
343,999374141,"COFFEES AND ROASTED MIXTURES",3.59,3.23,0.00458416173406778,5.98520004679539,3.2205,0.0164571406253033,19.3321961511491,0.0568594004445586,19.3157390105238,0.0551655526838206
341,999374141,"COFFEES AND ROASTED MIXTURES",3.59,4.31,1,0.999999999999999,3.2205,3.59,4.31,1.0895,0.719999999999997,0.719999999999999
345,999374141,"COFFEES AND ROASTED MIXTURES",3.59,3.23,0.602782155652971,4.66622572618148,3.2205,2.16398793879417,15.0719090955662,0.0443291443987235,12.907921156772,-0.178398862115049
395,999374141,"COFFEES AND ROASTED MIXTURES",3.59,4.31,1.04701478351232,5.32812571752427,3.2205,3.75878307280923,22.9642218425296,5.80499296924269,19.2054387697204,5.41812100673489
348,999374141,"COFFEES AND ROASTED MIXTURES",3.59,3.45,0.825719019814499,2.15162462626561,3.2205,2.96433128113405,7.42310496061637,0.493797851727959,4.45877367948232,0.188694673906502
588,999374141,"COFFEES AND ROASTED MIXTURES",3.59,3.45,3.29284561224388,5.47453638690466,3.2205,11.8213157479555,18.8871505348211,1.25640610079462,7.06583478686554,0.0396996470705062
342,999178693,"COFFEES AND ROASTED MIXTURES",5.79,6.95,0.636486181614186,3.29807082998894,5.2155,3.68525499154614,22.9215922684231,5.72050385461582,19.236337276877,5.35484254327847
346,999178693,"COFFEES AND ROASTED MIXTURES",5.79,6.95,1.42339217056509e-10,2.2,5.2155,8.24144066757188e-10,15.29,3.8159,15.2899999991759,3.81589999991823
343,999178693,"COFFEES AND ROASTED MIXTURES",5.79,6.95,1.03291801518485,2.7300589927487,5.2155,5.98059530792029,18.9739099996034,4.73528732292261,12.9933146916831,4.14187592319891
345,999178693,"COFFEES AND ROASTED MIXTURES",5.79,6.95,1,1,5.2155,5.79,6.95,1.7345,1.16,1.16
395,999178693,"COFFEES AND ROASTED MIXTURES",5.79,6.95,0.823548089540786,2.19996385180286,5.2155,4.76834343844115,15.2897487700299,3.81583730095207,10.5214053315888,3.34270892351089
588,999178693,"COFFEES AND ROASTED MIXTURES",5.79,5.33,1.0619166971366,2.04828682990607,5.2155,6.1484976764209,10.9173688033994,0.234528842024245,4.76887112697845,-0.37554230048073
342,999383168,"COFFEES AND ROASTED MIXTURES",5.79,6.95,5.14505369463267,7.72266687742172,3.7905,29.7898608919232,53.6725347980809,24.3997659992139,23.8826739061578,14.1122311367959
346,999383168,"COFFEES AND ROASTED MIXTURES",5.79,4.63,1.16550252476717,4.7206836620114,3.7905,6.74825961840191,21.8567653551128,3.96301393425857,15.1085057367109,1.63259163598661
343,999383168,"COFFEES AND ROASTED MIXTURES",5.79,6.95,1.85643387860112,1.85643387860112,3.7905,10.7487521571005,12.9022154562778,5.86540283944025,2.15346329917731,2.15346329917731
341,999383168,"COFFEES AND ROASTED MIXTURES",5.79,6.95,0.0366822050613938,0.100801709081405,3.7905,0.21238996730547,0.700571878115765,0.318482999842699,0.488181910810295,0.245136930822442
345,999383168,"COFFEES AND ROASTED MIXTURES",5.79,5.67,1.06826159201729,1.09113591212116,3.7905,6.18523461778009,6.18674062172697,2.05078994683172,0.00150600394687572,-0.085199106406848
395,999383168,"COFFEES AND ROASTED MIXTURES",5.79,6.95,3.88297107693696,3.88297107693696,3.7905,22.482402535465,26.9866489847119,12.2682471175823,4.50424644924687,4.50424644924687
348,999383168,"COFFEES AND ROASTED MIXTURES",5.79,6.95,1.6375075803661,3.29939155015445,3.7905,9.48116889031969,22.9307712735735,10.424427602713,13.4496023832538,7.15023119577099
588,999383168,"COFFEES AND ROASTED MIXTURES",5.79,6.95,1.59787181378714,1.82879368065957,3.7905,9.25167780182755,12.710116080584,5.77807363404391,3.45843827875647,2.58312894237652
342,999983304,"BEER WITH ALCOHOL",1.89,1.51,3.20264169587546,6.99799010197627,1.4155,6.05299280520463,10.5669650539842,0.661310064636757,4.51397224877955,-0.858343420056151
349,999983304,"BEER WITH ALCOHOL",1.89,1.81,1.96073890306242,12.0974802009929,1.4155,3.70579652678797,21.8964391637972,4.77245593929171,18.1906426370092,3.84208532978859
344,999983304,"BEER WITH ALCOHOL",1.89,1.74,1.76918198539258,19.5953957793385,1.4155,3.34375395239198,34.0959886560489,6.35870593039533,30.752234703657,5.51922907832655
345,999983304,"BEER WITH ALCOHOL",1.89,1.51,1,2.88464446578688,1.4155,1.89,4.35581314333819,0.27259890201686,2.46581314333819,-0.20190109798314
588,999983304,"BEER WITH ALCOHOL",1.89,1.51,1.66371134983973,4.75185057011861,1.4155,3.14441445119708,7.1752943608791,0.449049878876209,4.03087990968202,-0.340381156622741
342,999374143,"COFFEES AND ROASTED MIXTURES",3.59,4.31,2.46414517157392,5.67279304693947,2.489,8.84628116595036,24.4497380323091,10.3301561384768,15.6034568663587,7.61713230457389
346,999374143,"COFFEES AND ROASTED MIXTURES",3.59,2.87,2.70511975363927,3.56098654171593,2.489,9.71137991556498,10.2200313747247,1.35673587239377,0.508651459159728,-1.62160097636307
344,999374143,"COFFEES AND ROASTED MIXTURES",3.59,2.87,1.98673443584882,6.01762928033591,2.489,7.13237662469726,17.2705960345641,2.29271675580799,10.1382194098668,0.105322141938436
341,999374143,"COFFEES AND ROASTED MIXTURES",3.59,4.31,3.56914124992246,8.76544867733213,2.489,12.8132170872216,37.7790837993015,15.9618820414218,24.9658667120798,12.0322575252572
395,999374143,"COFFEES AND ROASTED MIXTURES",3.59,4.31,1.14923075935665,2.16394626435814,2.489,4.12573842609036,9.32660839938357,3.94054614739616,5.2008699732932,2.6752430813445
348,999374143,"COFFEES AND ROASTED MIXTURES",3.59,4.31,0.999999999999999,0.999999999999995,2.489,3.59,4.30999999999998,1.82099999999999,0.719999999999981,0.719999999999991
588,999374143,"COFFEES AND ROASTED MIXTURES",3.59,4.31,1.92380331948536,1.80723315567709,2.489,6.90645391695244,7.78917490096824,3.29097157648798,0.882720984015804,1.17286412173459
349,999267196,"COFFEES AND ROASTED MIXTURES",5.79,6.95,1.68292682926829,1.83595625487599,3.7905,9.74414634146342,12.7598959713881,5.80070378728068,3.0157496299247,2.43569159215873
346,999267196,"COFFEES AND ROASTED MIXTURES",5.79,6.95,9.89999993666612,9.89974308398505,3.7905,57.3209996332968,68.8032144336961,31.2782382738508,11.4822148003993,11.4831884004869
343,999267196,"COFFEES AND ROASTED MIXTURES",5.79,5.1,3.86777453653825,9.48882916712364,3.7905,22.3944145665565,48.3930287523306,12.4256217943484,25.9986141857741,4.69200660854018
341,999267196,"COFFEES AND ROASTED MIXTURES",5.79,4.86,4.27748574280077,6.96132872432324,3.7905,24.7666424508164,33.832057600211,7.44514107066371,9.06541514939454,-1.10769167206642
345,999267196,"COFFEES AND ROASTED MIXTURES",5.79,6.95,0.013084613694919,0.0144510805568126,3.7905,0.075759913293581,0.100435009869847,0.0456581890192493,0.0246750965762663,0.0194955039362587
395,999267196,"COFFEES AND ROASTED MIXTURES",5.79,4.63,0.848218577574138,1.53236514441414,3.7905,4.91118556415426,7.09485061863746,1.28642053873567,2.18366505448321,-0.409592507123819
348,999267196,"COFFEES AND ROASTED MIXTURES",5.79,6.95,1,1,3.7905,5.79,6.95,3.1595,1.16,1.16
588,999267196,"COFFEES AND ROASTED MIXTURES",5.79,4.63,0.103196507396361,0.88898520241126,3.7905,0.597507777824931,4.11600148716414,0.746303077424253,3.5184937093392,0.539961660885229
349,999246169,"COFFEES AND ROASTED MIXTURES",2.89,3.47,1,1,1.3205,2.89,3.47,2.1495,0.58,0.58
343,999246169,"COFFEES AND ROASTED MIXTURES",2.89,2.37,2.53407855404131,3.40637487185368,1.3205,7.3234870211794,8.07310844629323,3.57499042801044,0.749621425113832,-0.402245862557401
341,999246169,"COFFEES AND ROASTED MIXTURES",2.89,2.6,1,10.7699411504196,1.3205,2.89,28.0018469910909,13.7801397019618,25.1118469910909,12.2106397019618
345,999246169,"COFFEES AND ROASTED MIXTURES",2.89,3.47,0.900957774215137,1.28771948788911,1.3205,2.60376796748175,4.46838662297522,2.76795303921765,1.86461865549347,1.35389981258699
395,999246169,"COFFEES AND ROASTED MIXTURES",2.89,3.47,4.05729081130798,8.09834416585861,1.3205,11.7255704446801,28.1012542555294,17.4073907845131,16.3756838108493,11.0394728561652
348,999246169,"COFFEES AND ROASTED MIXTURES",2.89,3.47,4.52282169728611,6.59997767129279,1.3205,13.0709547051568,22.901922519386,14.1866520044438,9.83096781422912,7.0880833505533
342,999227098,"BEER WITH ALCOHOL",4.14,3.56,2.00000000000001,6.85547067947626,3.553,8.28000000000002,24.4054756189355,0.0479882947563333,16.1254756189354,-1.12601170524367
346,999227098,"BEER WITH ALCOHOL",4.14,4.72,2.16257655999444,1.9160926045017,3.553,8.953066958377,9.043957093248,2.23608006945348,0.0908901348710014,0.966647628736739
343,999227098,"BEER WITH ALCOHOL",8.29,9.95,13.4510600712119,14.0827285673617,3.553,111.509287990346,140.123149245249,90.0872146454127,28.6138612549025,26.3695430880822
344,999227098,"BEER WITH ALCOHOL",4.14,3.56,0.234284443290608,1.20180845137719,3.553,0.969937595223118,4.27843808690279,0.00841265915964051,3.30850049167968,-0.129112309051946
345,999227098,"BEER WITH ALCOHOL",4.14,3.97,3.82308932647431,4.06399102265114,3.553,15.8275898116036,16.134044359925,1.69468425644553,0.30645454832141,-0.549469178194888
395,999227098,"BEER WITH ALCOHOL",8.29,6.63,8.14282612171708e-12,2.81339704095608e-07,3.553,6.75040285490346e-11,1.86528223815388e-06,8.65682269502186e-07,1.86521473412533e-06,8.65643696934848e-07
348,999227098,"BEER WITH ALCOHOL",4.14,4.97,1,1,3.553,4.14,4.97,1.417,0.83,0.83
349,999249566,"BEER WITH ALCOHOL",0.99,1.19,19.8,19.8,0.9215,19.602,23.562,5.3163,3.96,3.96
346,999249566,"BEER WITH ALCOHOL",0.99,1.19,8.46248026346135,44.7077957936971,0.9215,8.37785546082674,53.2022769944996,12.0040431706077,44.8244215336728,11.4243632725606
345,999249566,"BEER WITH ALCOHOL",0.99,1.19,1,1,0.9215,0.99,1.19,0.2685,0.2,0.2
342,999340948,"COFFEES AND ROASTED MIXTURES",3.52,2.82,0.313604403022585,3.94671445764972,0.0095,1.1038874986395,11.1297347705722,11.0922409832245,10.0258472719327,9.99133272641375
349,999340948,"COFFEES AND ROASTED MIXTURES",3.52,2.82,2.68043895430879,5.636180924974,0.0095,9.43514511916695,15.8940302084267,15.8404864896394,6.45888508925974,6.43080554053843
343,999340948,"COFFEES AND ROASTED MIXTURES",3.52,4.22,9.89999999696379,9.89999999515986,0.0095,34.8479999893125,41.7779999795746,41.6839499796206,6.92999999026206,6.9299999902792
341,999340948,"COFFEES AND ROASTED MIXTURES",3.52,4.22,1.8728358742534,1.63217530473629,0.0095,6.59238227737198,6.88777978598715,6.87227412059216,0.29539750861517,0.297683784025582
345,999340948,"COFFEES AND ROASTED MIXTURES",3.52,4.22,4.28456335834298,4.47802853460347,0.0095,15.0816630213673,18.8972804160266,18.8547391449479,3.81561739465937,3.81377947548489
348,999340948,"COFFEES AND ROASTED MIXTURES",3.52,4.22,2.95241964195507,6.50044384911254,0.0095,10.3925171396819,27.4318730432549,27.3701188266883,17.039355903573,17.005649673605
346,999256219,"COFFEES AND ROASTED MIXTURES",9.89,11.87,1.66973032720361,2.19946348691848,8.5405,16.5136329360437,26.1076315897224,7.32311367969509,9.59399865367869,5.06981260313382
343,999256219,"COFFEES AND ROASTED MIXTURES",9.89,11.87,0.861644778929834,0.817540729406747,8.5405,8.52166686361606,9.70420845805808,2.72200185855976,1.18254159444202,1.55921222939395
344,999256219,"COFFEES AND ROASTED MIXTURES",9.89,11.87,2,3.92375712903786,8.5405,19.78,46.5749971216794,13.0641493611315,26.7949971216794,10.3651493611315
341,999256219,"COFFEES AND ROASTED MIXTURES",9.89,11.87,1,1,8.5405,9.89,11.87,3.3295,1.98,1.98
395,999256219,"COFFEES AND ROASTED MIXTURES",9.89,11.87,1,1,8.5405,9.89,11.87,3.3295,1.98,1.98
588,999256219,"COFFEES AND ROASTED MIXTURES",9.89,11.87,1,1,8.5405,9.89,11.87,3.3295,1.98,1.98
342,999178702,"COFFEES AND ROASTED MIXTURES",5.79,6.95,1,0.999999999999999,5.2155,5.79,6.94999999999999,1.7345,1.15999999999999,1.16
346,999178702,"COFFEES AND ROASTED MIXTURES",5.79,5.33,0.00680331298701834,2.58859656988091,5.2155,0.0393911821948362,13.7972197174652,0.296394307251367,13.7578285352704,0.292485803940325
343,999178702,"COFFEES AND ROASTED MIXTURES",5.79,6.95,2.6125421473065,4.09380852179488,5.2155,15.1266190329046,28.4519692264744,7.10071088105323,13.3253501935698,5.59980541742565
344,999178702,"COFFEES AND ROASTED MIXTURES",5.79,6.95,1,1,5.2155,5.79,6.95,1.7345,1.16,1.16
341,999178702,"COFFEES AND ROASTED MIXTURES",5.79,5.33,0.0060757113139973,2.19634694572998,5.2155,0.0351783685080444,11.7065292207408,0.251481725286084,11.6713508522327,0.247991229136192
348,999178702,"COFFEES AND ROASTED MIXTURES",5.79,6.95,1,1,5.2155,5.79,6.95,1.7345,1.16,1.16
588,999178702,"COFFEES AND ROASTED MIXTURES",5.79,6.95,1,1,5.2155,5.79,6.95,1.7345,1.16,1.16
349,999184400,"COFFEES AND ROASTED MIXTURES",11.49,13.79,1.75784632927275,2.74906321789629,9.4905,20.1976543233439,37.9095817747898,11.8195973053451,17.7119274514459,8.30478356996422
346,999184400,"COFFEES AND ROASTED MIXTURES",11.49,13.79,0.795614077140497,0.790243081278385,9.4905,9.14160574634431,10.8974520908289,3.39765012795642,1.75584634448462,1.80681978071399
343,999184400,"COFFEES AND ROASTED MIXTURES",11.49,13.79,1.41086678212842,1.67284362272901,9.4905,16.2108593266556,23.068513557433,7.19239115592338,6.85765423077745,4.37136302505759
341,999184400,"COFFEES AND ROASTED MIXTURES",11.49,9.65,2.20106109207069,2.9724005487918,9.4905,25.2901919478922,28.6836652958409,0.474097887532299,3.39347334794869,-3.92692376606304
345,999184400,"COFFEES AND ROASTED MIXTURES",11.49,10.8,1.55800167002084,1.66219507378462,9.4905,17.9014391885394,17.9517067968739,2.17664444912097,0.0502676083344937,-0.938579890085702
348,999184400,"COFFEES AND ROASTED MIXTURES",11.49,13.79,3.29870789433362,3.29999035000258,9.4905,37.9021537058933,45.5068669265356,14.1883085098361,7.60471322064237,7.59254207511604
349,999232650,"COFFEES AND ROASTED MIXTURES",5.79,5.33,0.965358108125887,2.17145789847775,5.1205,5.58942344604888,11.5738705988864,0.454920429731089,5.98444715283753,-0.191386823659192
346,999232650,"COFFEES AND ROASTED MIXTURES",5.79,6.95,1.6732131538373,1.6732131538373,5.1205,9.68790416071794,11.6288314191692,3.06114346494533,1.94092725845126,1.94092725845126
343,999232650,"COFFEES AND ROASTED MIXTURES",5.79,5.21,0.216313533657688,0.554939715107443,5.1205,1.25245535987801,2.89123591570978,0.0496671045021162,1.63878055583176,-0.0951548062817058
344,999232650,"COFFEES AND ROASTED MIXTURES",5.79,6.95,1.69266836431265,1.80903627945027,5.1205,9.80054982937025,12.5728021421794,3.30963187325428,2.77225231280915,2.17639040334696
345,999232650,"COFFEES AND ROASTED MIXTURES",5.79,6.95,0.446098700504584,3.25172369049889,5.1205,2.58291147592154,22.5994796489673,5.94902849176772,20.0165681730457,5.6503654117799
348,999232650,"COFFEES AND ROASTED MIXTURES",5.79,5.21,1.24045883203798,2.13059165848421,5.1205,7.18225663749988,11.1003825407027,0.190687953434338,3.91812590320287,-0.639799234615086
342,999251511,"COFFEES AND ROASTED MIXTURES",2.79,2.68,1.98930481058037,2.12186209272829,1.653,5.55016042151923,5.6865904085118,2.17915236923195,0.136429986992571,-0.0826872003979324
349,999251511,"COFFEES AND ROASTED MIXTURES",2.79,3.35,6.15019961341493,7.29206237235325,1.653,17.1590569214277,24.4284089473834,12.3746298458835,7.26935202595574,5.38185288543069
343,999251511,"COFFEES AND ROASTED MIXTURES",2.79,2.62,3.80199795730118,4.24282253331672,1.653,10.6075743008703,11.1161950372898,4.10280938971727,0.508620736419514,-0.220062287734174
344,999251511,"COFFEES AND ROASTED MIXTURES",2.79,2.23,0.611874675911567,5.14080556273507,1.653,1.70713034579327,11.4639964048992,2.96624480969814,9.75686605910595,2.27054330318669
341,999251511,"COFFEES AND ROASTED MIXTURES",2.79,3.35,1,0.999999999999999,1.653,2.79,3.35,1.697,0.559999999999997,0.559999999999999
395,999251511,"COFFEES AND ROASTED MIXTURES",2.79,2.57,2.37940005771422,3.16082277252071,1.653,6.63852616102268,8.12331452537823,2.89847448240149,1.48478836435555,0.193096616780422
588,999251511,"COFFEES AND ROASTED MIXTURES",2.79,3.35,0.535361456173483,5.11622287672594,1.653,1.49365846272402,17.1393466370319,8.68223022180391,15.6456881743079,8.07352424613466
346,999184401,"COFFEES AND ROASTED MIXTURES",2.69,2.31,0.211505271004132,6.45060679241142,1.634,0.568949179001114,14.9009016904704,4.36061019167012,14.3319525114693,4.13726062548975
344,999184401,"COFFEES AND ROASTED MIXTURES",2.69,2.15,0.999999999999999,3.42298494867113,1.634,2.69,7.35941763964293,1.7662602335143,4.66941763964293,0.710260233514304
588,999184401,"COFFEES AND ROASTED MIXTURES",2.69,3.23,1.86762578699672,6.5972308229904,1.634,5.02391336702117,21.309055558259,10.5291803934927,16.2851421912378,8.55696756242415
342,999234406,"COFFEES AND ROASTED MIXTURES",5.79,6.95,8.65586370694285,8.77452253668089,3.572,50.1174508631991,60.9829316299322,29.6403371289081,10.8654807667331,10.4416314269088
344,999234406,"COFFEES AND ROASTED MIXTURES",4.59,3.67,1,5.77993319144926,3.572,4.59,21.2123548126188,0.56643345276203,16.6223548126188,-0.451566547237969
341,999234406,"COFFEES AND ROASTED MIXTURES",5.79,4.63,1,1.58739074254976,3.572,5.79,7.34961913800541,1.67945940561765,1.55961913800541,-0.53854059438235
345,999234406,"COFFEES AND ROASTED MIXTURES",5.79,4.63,0.113439851604061,0.96413576228071,3.572,0.656816740787512,4.46394857935969,1.02005563649299,3.80713183857217,0.768446045635184
341,999551492,"BEER WITH ALCOHOL",1,0.8,5.81935250468433,46.7363823302651,0.4655,5.81935250468433,37.3891058642121,15.6333198894737,31.5697533595277,12.5228759757199
349,999358132,"COFFEES AND ROASTED MIXTURES",1.45,1.16,2.36362078714869,7.25549963836085,1.064,3.42725014136561,8.41637958049858,0.69652796528264,4.98912943913298,-0.215829658556756
346,999358132,"COFFEES AND ROASTED MIXTURES",1.45,1.74,1.1894600382699,1.72747790000164,1.064,1.72471705549135,3.00581154600285,1.16777506040111,1.2810944905115,0.708643485628927
344,999358132,"COFFEES AND ROASTED MIXTURES",1.45,1.16,1.42252944963023,3.157801608308,1.064,2.06266770196384,3.66304986563728,0.303148954397567,1.60038216367344,-0.245947413159702
341,999358132,"COFFEES AND ROASTED MIXTURES",1.45,1.74,1,1,1.064,1.45,1.74,0.676,0.29,0.29
395,999358132,"COFFEES AND ROASTED MIXTURES",1.45,1.74,2.37521381093982,6.57224741165685,1.064,3.44406002586275,11.4357104962829,4.44283925028003,7.99165047042018,3.52600671925726
348,999358132,"COFFEES AND ROASTED MIXTURES",1.45,1.16,1,12.6544223397557,1.064,1.45,14.6791299141166,1.21482454461654,13.2291299141166,0.828824544616541
346,999275136,"COFFEES AND ROASTED MIXTURES",5.79,5.21,0.476935443323872,0.645496327097159,5.1205,2.76145621684522,3.3630358641762,0.0577719212751959,0.60157964733098,-0.261536358030137
343,999275136,"COFFEES AND ROASTED MIXTURES",5.79,6.95,1,1,5.1205,5.79,6.95,1.8295,1.16,1.16
344,999275136,"COFFEES AND ROASTED MIXTURES",5.79,6.95,2.4694249962262,3.86532454356534,5.1205,14.2979707281497,26.8640055777791,7.07161125245279,12.5660348496294,5.41833121747936
341,999275136,"COFFEES AND ROASTED MIXTURES",5.79,5.21,1.15371533415429,2.48781968835231,5.1205,6.68001178475333,12.9615405763155,0.222659862107532,6.2815287915622,-0.549752554108765
345,999275136,"COFFEES AND ROASTED MIXTURES",5.79,6.95,1.64310419046688,2.2352460169212,5.1205,9.51357326280321,15.5349598176024,4.08938258795734,6.02138655479916,2.98932433243977
588,999275136,"COFFEES AND ROASTED MIXTURES",5.79,6.95,2.2,2.2,5.1205,12.738,15.29,4.0249,2.552,2.552
342,999252816,"COFFEES AND ROASTED MIXTURES",2.79,3.35,8.37123587197014e-34,4.4,1.653,2.33557480827967e-33,14.74,7.4668,14.74,7.4668
346,999252816,"COFFEES AND ROASTED MIXTURES",2.79,3.35,3.29541355736015,3.29994405678259,1.653,9.19420382503482,11.0548125902217,5.60000506436005,1.86060876518685,1.85311984964156
344,999252816,"COFFEES AND ROASTED MIXTURES",2.79,2.23,0.328379647392582,3.38838327581305,1.653,0.916179216225304,7.55609470506311,1.95509715014413,6.6399154888378,1.58172949105877
345,999252816,"COFFEES AND ROASTED MIXTURES",2.79,3.35,1.00038196062989,1.935929212661,1.653,2.79106567015739,6.48536286241434,3.28527187388571,3.69429719225695,2.14783758464953
348,999252816,"COFFEES AND ROASTED MIXTURES",2.79,2.23,2.6763009497419,4.29742166729557,1.653,7.46687964977991,9.58325031806911,2.47961230202954,2.1163706682892,-0.563341877827003
342,999156311,"BEER WITH ALCOHOL",11.99,14.39,4.00954214657783,4.08569286656925,11.3905,48.0744103374682,58.7931203499315,12.2550357532745,10.7187100124634,9.85131523640106
349,999156311,"BEER WITH ALCOHOL",11.99,14.39,0.0231237866807152,0.0436277145896829,11.3905,0.277254202301775,0.627802812945536,0.130861329911754,0.350548610643762,0.116998619796665
346,999156311,"BEER WITH ALCOHOL",23.99,19.19,0.590265000630739,0.885952762113525,11.3905,14.1604573651314,17.0014335049585,6.90998856810444,2.84097613982711,-0.527055307342558
343,999156311,"BEER WITH ALCOHOL",11.99,14.39,1,1.18434793310516,11.3905,11.99,17.0427667573832,3.55245162534893,5.05276675738324,2.95295162534893
344,999156311,"BEER WITH ALCOHOL",11.99,14.39,1.96769877177782,1.99709376375312,11.3905,23.5927082736161,28.7381792604075,5.9902827443775,5.14547098679136,4.81064733069669
341,999156311,"BEER WITH ALCOHOL",23.99,28.79,1,1,11.3905,23.99,28.79,17.3995,4.8,4.8
346,999256213,"COFFEES AND ROASTED MIXTURES",9.89,11.87,1,1,8.5405,9.89,11.87,3.3295,1.98,1.98
343,999256213,"COFFEES AND ROASTED MIXTURES",9.89,11.87,1.76831864913732,1.86678413440116,8.5405,17.4886714399681,22.1587276753418,6.21545777548868,4.6700562353737,3.82911175847786
344,999256213,"COFFEES AND ROASTED MIXTURES",9.89,11.87,1.50067524283359,2.47271973573044,8.5405,14.8416781516242,29.3511832631204,8.23292036011451,14.5095051114961,6.20775911991058
341,999256213,"COFFEES AND ROASTED MIXTURES",9.89,11.87,1.74139900508499,2.08238865492308,8.5405,17.2224361602905,24.717953333937,6.93331302656639,7.49551717364642,4.5832950692042
344,999184392,"COFFEES AND ROASTED MIXTURES",11.49,9.65,0.209185616237324,1.33144785937801,9.4905,2.40354273056685,12.8484718429978,0.212365933570794,10.444929112431,-0.205900706095735
345,999184392,"COFFEES AND ROASTED MIXTURES",11.49,9.65,1.03572351713142,1.99451570828498,9.4905,11.9004632118401,19.2470765849501,0.318125255471454,7.34661337310999,-1.75280391703283
588,999184392,"COFFEES AND ROASTED MIXTURES",11.49,9.65,1.53051575903998,2.90647093963382,9.4905,17.5856260713694,28.0474445674663,0.463582114871596,10.461818496097,-2.59668414532885
342,999176967,"BEER WITH ALCOHOL",0.99,1.19,3.71080226321642e-26,1.10086819755426e-09,0.070458333365,3.67369424058426e-26,1.31003315508956e-09,1.23246781663536e-09,1.31003315508956e-09,1.23246781663536e-09
343,999176967,"BEER WITH ALCOHOL",0.99,0.79,52.6782293290929,101.134130871388,0.070458333365,52.151447035802,79.8959633883964,72.7702210808806,27.7445163525944,24.3303942882258
342,999234555,"COFFEES AND ROASTED MIXTURES",3.52,4.22,1.02488859050138,1.02488859050138,2.8405,3.60760783856486,4.32502985191583,1.41383381059665,0.717422013350967,0.717422013350967
349,999234555,"COFFEES AND ROASTED MIXTURES",3.52,4.22,0.801575705667418,0.799013705600955,2.8405,2.82154648394931,3.37183783763603,1.10223940687652,0.55029135368672,0.557568714875507
346,999234555,"COFFEES AND ROASTED MIXTURES",3.52,2.89,1.44461018402522,6.4697449591076,2.8405,5.08502784776877,18.697562931821,0.320252375475828,13.6125350840522,-0.661360244569308
344,999234555,"COFFEES AND ROASTED MIXTURES",3.52,4.22,0.951554028082692,1.07924432129922,2.8405,3.34947017885107,4.5544110358827,1.48881754123227,1.20494085703163,0.842236579150083
345,999234555,"COFFEES AND ROASTED MIXTURES",3.52,2.89,1.18271644360592,5.25224876082973,2.8405,4.16316188149284,15.1789989187979,0.259986313661072,11.0158370373051,-0.543669509769151
349,999255307,"COFFEES AND ROASTED MIXTURES",2.89,3.47,3,4.24002579347322,1.767,8.67,14.7128895033521,7.2207639262849,6.04288950335208,3.85176392628489
346,999255307,"COFFEES AND ROASTED MIXTURES",2.89,3.47,7.699999691382,7.7,1.767,22.252999108094,26.719,13.1131,4.46600089190601,4.46600034657801
343,999255307,"COFFEES AND ROASTED MIXTURES",2.89,3.47,3.01257839711097,3.29999972557841,1.767,8.70635156765069,11.4509990477571,5.61989953266003,2.74464748010638,2.23677399270441
345,999255307,"COFFEES AND ROASTED MIXTURES",2.89,3.47,1,1,1.767,2.89,3.47,1.703,0.58,0.58
395,999255307,"COFFEES AND ROASTED MIXTURES",2.89,3.47,0.941138264608254,1.7384763400183,1.767,2.71988958471785,6.03251289986349,2.96062520705116,3.31262331514564,1.90372693589609
588,999255307,"COFFEES AND ROASTED MIXTURES",2.89,3.47,1.85806708698342,4.21956086198698,1.767,5.3698138813821,14.6418761910948,7.18591214796383,9.27206230971274,5.09930280928145
342,999184399,"COFFEES AND ROASTED MIXTURES",2.79,3.35,2.70690180201515,3.99073054739268,1.653,7.55225602762227,13.3689473337655,6.77226973892538,5.81669130614322,3.69452239003416
343,999184399,"COFFEES AND ROASTED MIXTURES",2.79,3.35,1.42438571619638,2.59902419261581,1.653,3.9740361481879,8.70673104526297,4.41054405486904,4.73269489707507,2.79101749555375
344,999184399,"COFFEES AND ROASTED MIXTURES",2.79,3.35,0.999999999999999,1.00000000000001,1.653,2.79,3.35000000000002,1.69700000000001,0.560000000000021,0.56000000000001
345,999184399,"COFFEES AND ROASTED MIXTURES",2.79,2.23,0.934596975891504,2.08783273286857,1.653,2.6075255627373,4.65586699429692,1.20467948686517,2.04834143155962,0.142042725276526
395,999184399,"COFFEES AND ROASTED MIXTURES",2.79,3.35,1,1,1.653,2.79,3.35,1.697,0.56,0.56
348,999184399,"COFFEES AND ROASTED MIXTURES",2.79,2.62,0.999999999999999,5.46197224134207,1.653,2.79,14.3103672723162,5.28172715737779,11.5203672723162,4.14472715737779
588,999184399,"COFFEES AND ROASTED MIXTURES",2.79,2.23,1.42622767195257,2.01710770324945,1.653,3.97917520474767,4.49815017824627,1.16387114477493,0.518974973498608,-0.457749718235138
349,999374142,"COFFEES AND ROASTED MIXTURES",3.59,3.23,0.764703372552323,1.97919660848239,3.2205,2.74528510746284,6.39280504539813,0.0188023677805829,3.64751993793529,-0.263755528377501
341,999374142,"COFFEES AND ROASTED MIXTURES",3.59,4.31,2.47032588859458,3.29994385755433,3.2205,8.86846994005455,14.2227580260591,3.59528883280544,5.35428808600459,2.68250341696974
348,999374142,"COFFEES AND ROASTED MIXTURES",3.59,4.31,0.33695910975761,3.29999930365925,3.2205,1.20968320402982,14.2229969987714,3.59534924133675,13.0133137947415,3.47084285028131
395,999160155,"BEER WITH ALCOHOL",1,0.98,0.948647148406516,23.1,0.948416666635,0.948647148406516,22.638,0.729575000731501,21.6893528515935,0.680640618629491
342,999171774,"COFFEES AND ROASTED MIXTURES",5.79,6.95,1.67579130191092,1.69656786285647,5.2155,9.70283163806423,11.7911466468525,2.94269695812455,2.08831500878825,1.97995485517673
349,999171774,"COFFEES AND ROASTED MIXTURES",5.79,6.95,0.868116308784659,0.868116308784659,5.2155,5.02639342786318,6.03340834605338,1.50574773758699,1.0070149181902,1.0070149181902
346,999171774,"COFFEES AND ROASTED MIXTURES",5.79,6.95,1.10466268485424,2.98272664627379,5.2155,6.39599694530605,20.7299501916028,5.17353936796189,14.3339532462968,4.53891065551313
344,999171774,"COFFEES AND ROASTED MIXTURES",5.79,6.95,0.835904332055614,0.835904332055614,5.2155,4.83988608260201,5.80953510778652,1.44987606395046,0.969649025184512,0.969649025184512
341,999171774,"COFFEES AND ROASTED MIXTURES",5.79,5.33,0.108797765844402,0.27857943908723,5.2155,0.629939064239086,1.48482841033494,0.0318973457754881,0.85488934609585,-0.0306069707021208
345,999171774,"COFFEES AND ROASTED MIXTURES",5.79,5.33,0.872065208469228,1.26871550677194,5.2155,5.04925755703683,6.76225365109446,0.145267925525388,1.71299609405762,-0.355733536740184
342,999236086,"BEER WITH ALCOHOL",0.29,0.3,19.7984318351808,19.7586117780961,0.20425,5.74154523220244,5.92758353342883,1.8918870777527,0.18603830122639,0.194171547885946
349,999236086,"BEER WITH ALCOHOL",0.29,0.23,6.64052013788191,14.2757771662528,0.20425,1.92575083998575,3.28342874823815,0.36760126203101,1.35767790825239,-0.201823339792363
346,999236086,"BEER WITH ALCOHOL",0.29,0.35,8.27314555190579,12.6315619714518,0.20425,2.39921221005268,4.42104669000813,1.8410501573391,2.02183447995545,1.13162792626318
343,999236086,"BEER WITH ALCOHOL",0.29,0.25,1.93554362965752,18.7137513504312,0.20425,0.561307652600682,4.67843783760781,0.856154124282229,4.11713018500713,0.690181258039096
344,999236086,"BEER WITH ALCOHOL",0.29,0.35,6,15.2055241312342,0.20425,1.74,5.32193344593196,2.21620514212738,3.58193344593196,1.70170514212738
341,999236086,"BEER WITH ALCOHOL",0.29,0.35,6.81694379720103e-16,1.06271527524243e-13,0.20425,1.9769137011883e-16,3.71950346334851e-14,1.54890751366584e-14,3.69973432633662e-14,1.54306198435974e-14
345,999236086,"BEER WITH ALCOHOL",0.3,0.36,13.6554315050347,17.7291362896564,0.20425,4.0966294515104,6.38248906427631,2.76131297711399,2.28585961276592,1.45380541050692
395,999236086,"BEER WITH ALCOHOL",0.29,0.24,1.75139089887716e-14,19.7476481102974,0.20425,5.07903360674378e-15,4.73943554647138,0.705978419943133,4.73943554647137,0.705978419943131
588,999236086,"BEER WITH ALCOHOL",0.29,0.35,2.10937390178067,2.13299122299058,0.20425,0.611718431516395,0.746546928046704,0.310883470750878,0.134828496530309,0.130004658673185
342,999187636,"COFFEES AND ROASTED MIXTURES",4,3.28,1.00157318814047,1.34173669545106,3.23,4.00629275256189,4.40089636107947,0.0670868347725531,0.394603608517581,-0.70412452009561
349,999187636,"COFFEES AND ROASTED MIXTURES",4,4.8,7.7,7.7,3.23,30.8,36.96,12.089,6.16,6.16
343,999187636,"COFFEES AND ROASTED MIXTURES",4,3.28,1,4.01721561417714,3.23,4,13.176467214501,0.200860780708856,9.17646721450101,-0.569139219291144
344,999187636,"COFFEES AND ROASTED MIXTURES",4,4.8,1,1,3.23,4,4.8,1.57,0.8,0.8
345,999187636,"COFFEES AND ROASTED MIXTURES",4,4.8,0.894938957864606,0.894938957864606,3.23,3.57975583145842,4.29570699775011,1.40505416384743,0.715951166291684,0.715951166291684
344,999372467,"BEER WITH ALCOHOL",0.7,0.57,2.00000000000001,31.8359568822568,0.31255,1.40000000000001,18.1464954228864,8.19616709933701,16.7464954228864,7.421267099337
588,999372467,"BEER WITH ALCOHOL",0.7,0.84,1.20453973039978,1.02610408273893,0.31255,0.843177811279846,0.861927429500705,0.541218598440651,0.0187496182208583,0.0745196798972558
346,999174009,"BEER WITH ALCOHOL",0.99,0.79,0.134588047016459,6.61809495126369,0.4655,0.133242166546294,5.22829501149832,2.14757181168507,5.09505284495202,2.07698038102493
344,999174009,"BEER WITH ALCOHOL",0.99,1.19,19.082282206863,25.0310492134757,0.4655,18.8914593847944,29.7869485640361,18.1349951551632,10.8954891792417,8.1263381376635
395,999174009,"BEER WITH ALCOHOL",0.99,1.19,0.00724112562258691,0.00749503323223951,0.4655,0.00716871436636104,0.00891908954636502,0.00543015157675752,0.00175037518000398,0.00163218118771069
343,999230254,"BEER WITH ALCOHOL",4.65,5.58,2,2,3.7905,9.3,11.16,3.579,1.86,1.86
345,999230254,"BEER WITH ALCOHOL",4.65,3.81,0.806737259260822,3.06393693357315,3.7905,3.75132825556282,11.6735997169137,0.0597467702046757,7.92227146135087,-0.633643904130001
395,999230254,"BEER WITH ALCOHOL",4.65,5.58,0.701457774325252,0.673566399263873,3.7905,3.26177865061242,3.75850050789241,1.2053470714827,0.496721857279992,0.602444114450147
588,999230254,"BEER WITH ALCOHOL",4.65,5.58,1.22865326549483,2.02036455833286,3.7905,5.71323768455094,11.2736342354973,3.61544237713665,5.5603965509464,2.55941489544384
349,999598955,"BEER WITH ALCOHOL",0.88,1.06,2,2,0.418,1.76,2.12,1.284,0.36,0.36
346,999598955,"BEER WITH ALCOHOL",0.88,1.06,6,6,0.418,5.28,6.36,3.852,1.08,1.08
345,999598955,"BEER WITH ALCOHOL",0.88,0.97,212.090151561617,206.711812093744,0.418,186.639333374223,200.510457730932,114.104920275747,13.8711243567092,16.1192702542799
349,999154665,"COFFEES AND ROASTED MIXTURES",1.94,2.33,5.49777389634489,5.4982327742283,1.4155,10.6656813589091,12.8108823639519,5.02813387203178,2.14520100504284,2.14455146339888
344,999154665,"COFFEES AND ROASTED MIXTURES",2.99,3.59,15.3999995529202,15.399999837385,1.4155,46.0459986632314,55.2859994162123,33.4872996463938,9.24000075298087,9.2400003503209
341,999154665,"COFFEES AND ROASTED MIXTURES",1.94,2.33,5.03119791790234,5.56542714160051,1.4155,9.76052396073055,12.9674452399292,5.08958312099367,3.20692127919864,2.45071981305389
348,999154665,"COFFEES AND ROASTED MIXTURES",1.94,2.33,2.63464570527794e-235,1.34735372433607e-229,1.4155,5.1112126682392e-235,3.13933417770304e-229,1.23215498090533e-229,3.13932906649037e-229,1.23215359903366e-229
342,999340949,"COFFEES AND ROASTED MIXTURES",3.52,4.22,3.47198110852686,3.47198110852686,0.0095,12.2213735020146,14.6517602779834,14.6187764574523,2.4303867759688,2.4303867759688
349,999340949,"COFFEES AND ROASTED MIXTURES",3.52,4.22,1.44928636413058,1.44928636413058,0.0095,5.10148800173965,6.11598845663106,6.10222023617181,1.01450045489141,1.01450045489141
346,999340949,"COFFEES AND ROASTED MIXTURES",3.52,4.22,1.28736074997247,1.28736074997247,0.0095,4.53150983990308,5.43266236488381,5.42043243775907,0.901152524980726,0.901152524980726
343,999340949,"COFFEES AND ROASTED MIXTURES",3.52,4.22,4.54182206992179,4.54182206992179,0.0095,15.9872136861247,19.16648913507,19.1233418254057,3.17927544894525,3.17927544894525
344,999340949,"COFFEES AND ROASTED MIXTURES",3.52,4.22,1.57761119326427,1.57761119326427,0.0095,5.55319140029022,6.6575192355752,6.64253192923919,1.10432783528499,1.10432783528499
341,999340949,"COFFEES AND ROASTED MIXTURES",3.52,4.22,1.84118522155348,1.84118522155348,0.0095,6.48097197986823,7.76980163495567,7.75231037535091,1.28882965508743,1.28882965508743
345,999340949,"COFFEES AND ROASTED MIXTURES",3.52,4.22,2.03494139453951,2.03494139453951,0.0095,7.16299370877906,8.58745268495671,8.56812074170859,1.42445897617765,1.42445897617765
395,999340949,"COFFEES AND ROASTED MIXTURES",3.52,4.22,1.8027536799634,1.8027536799634,0.0095,6.34569295347117,7.60762052944555,7.5904943694859,1.26192757597438,1.26192757597438
588,999340949,"COFFEES AND ROASTED MIXTURES",3.52,4.22,2.21670399788773,2.21670399788773,0.0095,7.8027980725648,9.3544908710862,9.33343218310627,1.55169279852141,1.55169279852141
343,999235112,"COFFEES AND ROASTED MIXTURES",1.99,2.39,3.27081827405322,3.27081827405322,1.7005,6.50892836536591,7.8172556749872,2.2552291999597,1.30832730962129,1.30832730962129
344,999235112,"COFFEES AND ROASTED MIXTURES",1.99,2.39,1.8093379345597,5.95676159566841,1.7005,3.60058248977381,14.2366602136475,4.10718712021337,10.6360777238737,3.58338378815834
341,999235112,"COFFEES AND ROASTED MIXTURES",1.99,2.39,1.54175199201065,1.54175199201065,1.7005,3.0680864641012,3.68478726090546,1.06303799849135,0.616700796804261,0.616700796804261
345,999235112,"COFFEES AND ROASTED MIXTURES",1.99,2.39,2.52703162784854,2.52703162784854,1.7005,5.0287929394186,6.03960559055801,1.74238830740157,1.01081265113942,1.01081265113942
346,999358131,"COFFEES AND ROASTED MIXTURES",1.45,1.74,1,1,1.3775,1.45,1.74,0.3625,0.29,0.29
343,999358131,"COFFEES AND ROASTED MIXTURES",1.45,1.39,1.46326225823359,1.86846293564211,1.3775,2.1217302744387,2.59716348054254,0.0233557866955261,0.475433206103836,-0.082730727026409
344,999358131,"COFFEES AND ROASTED MIXTURES",1.45,1.39,1.18250809246538,1.31639594954334,1.3775,1.71463673407481,1.82979036986524,0.0164549493692918,0.115153635790433,-0.0692768873344485
345,999358131,"COFFEES AND ROASTED MIXTURES",1.45,1.74,2.49178619793469,2.95609434992103,1.3775,3.6130899870053,5.14360416886259,1.07158420184637,1.53051418185729,0.890929702496108
395,999358131,"COFFEES AND ROASTED MIXTURES",1.45,1.74,0.77491015431309,6.1482435255219,1.3775,1.12361972375398,10.6979437344081,2.22873827800169,9.57432401065412,2.17255729181399
348,999358131,"COFFEES AND ROASTED MIXTURES",1.45,1.74,0.999999999999999,1,1.3775,1.45,1.74,0.3625,0.290000000000004,0.29
588,999358131,"COFFEES AND ROASTED MIXTURES",1.45,1.39,3.13221978423868,3.32323377145585,1.3775,4.54171868714608,4.61929494232364,0.0415404221431981,0.0775762551775525,-0.185545512214106
342,999434133,"COFFEES AND ROASTED MIXTURES",5.79,5.21,0.87569581055669,1.39088026757464,5.1205,5.07027874312323,7.24648619406388,0.12448378394793,2.17620745094064,-0.461794561219774
343,999434133,"COFFEES AND ROASTED MIXTURES",5.79,6.95,1.98478719099052,2.06209745098483,5.1205,11.4919178358351,14.3315772843446,3.77260728657675,2.83965944850947,2.4437922622086
344,999434133,"COFFEES AND ROASTED MIXTURES",5.79,5.21,1.15263433323699,1.35416113930792,5.1205,6.67375278944218,7.05517953579427,0.121197421968059,0.381426746352089,-0.650491264134107
341,999434133,"COFFEES AND ROASTED MIXTURES",5.79,6.95,3.3,3.3,5.1205,19.107,22.935,6.03735,3.828,3.828
345,999434133,"COFFEES AND ROASTED MIXTURES",5.79,6.95,0.94363084752121,1.2300753370397,5.1205,5.4636226071478,8.54902359242589,2.25042282911413,3.08540098527809,1.61866197669868
342,999178692,"COFFEES AND ROASTED MIXTURES",5.79,6.95,1.0042884597846,1.9976417434558,5.0255,5.81483018215281,13.8836101170178,3.84446153528068,8.06877993486498,3.07668300777536
341,999178692,"COFFEES AND ROASTED MIXTURES",5.79,6.95,1,1,5.0255,5.79,6.95,1.9245,1.16,1.16
345,999178692,"COFFEES AND ROASTED MIXTURES",5.79,5.1,0.979463671750822,1.21523728018253,5.0255,5.67109465943726,6.1977101289309,0.0905351773735976,0.526615469493645,-0.658264799679905
395,999178692,"COFFEES AND ROASTED MIXTURES",5.79,6.95,1,1,5.0255,5.79,6.95,1.9245,1.16,1.16
588,999178692,"COFFEES AND ROASTED MIXTURES",5.79,6.95,0.567716734867065,0.650287900528758,5.0255,3.28707989488031,4.51950090867487,1.25147906456759,1.23242101379456,0.817459620761723
343,999434132,"COFFEES AND ROASTED MIXTURES",5.79,5.21,0.999999999999999,2.75036240336611,5.1205,5.79,14.3293881215374,0.246157435101267,8.53938812153742,-0.423342564898733
344,999434132,"COFFEES AND ROASTED MIXTURES",5.79,6.95,1,1,5.1205,5.79,6.95,1.8295,1.16,1.16
341,999434132,"COFFEES AND ROASTED MIXTURES",5.79,6.95,1,1,5.1205,5.79,6.95,1.8295,1.16,1.16
345,999434132,"COFFEES AND ROASTED MIXTURES",5.79,6.95,1,1,5.1205,5.79,6.95,1.8295,1.16,1.16
349,999316764,"BEER WITH ALCOHOL",0.42,0.39,0.362387391642778,28.5573469851633,0.315083333365,0.152202704489967,11.1373653242137,2.1394212440675,10.9851626197237,2.10140076690579
342,999246533,"COFFEES AND ROASTED MIXTURES",1.49,1.79,1.28334032773644,3.3248009620064,1.368,1.9121770883273,5.95139372199146,1.4030660059667,4.03921663366416,1.24649848598286
349,999246533,"COFFEES AND ROASTED MIXTURES",1.49,1.79,1.65704086776591,1.65704086776591,1.368,2.46899089297121,2.96610315330098,0.699271246197214,0.497112260329773,0.497112260329773
346,999246533,"COFFEES AND ROASTED MIXTURES",1.49,1.37,1.59415835215838,2.13717413469855,1.368,2.37529594471598,2.92792856453701,0.00427434826939743,0.552632619821029,-0.190212970693925
343,999246533,"COFFEES AND ROASTED MIXTURES",1.49,1.79,1.1705040089396,2.08786122198735,1.368,1.74405097332,3.73727158735735,0.881077435678661,1.99322061403735,0.73827594658803
345,999246533,"COFFEES AND ROASTED MIXTURES",1.49,1.37,3.14125861759509,5.90412203459526,1.368,4.68047534021668,8.08864718739551,0.0118082440691918,3.40817184717882,-0.371425307277409
349,999181926,"COFFEES AND ROASTED MIXTURES",2.59,3.11,9.58920299510412,9.89999999999998,2.3655,24.8360357573197,30.7889999999999,7.37054999999998,5.95296424268025,5.21777392759911
588,999181926,"COFFEES AND ROASTED MIXTURES",2.59,2.38,0.529556324786524,2.44651477744676,2.3655,1.3715508811971,5.82270517032329,0.0354744642729781,4.45115428912619,-0.0834109306415967
342,999939377,"BEER WITH ALCOHOL",0.99,1.19,4.28901839420124,4.28901839420124,0.418,4.24612821025923,5.10393188909948,3.31112220032336,0.857803678840248,0.857803678840248
349,999939377,"BEER WITH ALCOHOL",0.99,1.19,15.812869109332,15.812869109332,0.418,15.6547404182387,18.817314240105,12.2075349524043,3.16257382186639,3.16257382186639
346,999939377,"BEER WITH ALCOHOL",0.99,1.19,3.62400384623964,3.62400384623964,0.418,3.58776380777725,4.31256457702518,2.797730969297,0.724800769247929,0.724800769247929
343,999939377,"BEER WITH ALCOHOL",0.99,1.19,5.49840600759154,5.49840600759154,0.418,5.44342194751563,6.54310314903394,4.24476943786067,1.09968120151831,1.09968120151831
344,999939377,"BEER WITH ALCOHOL",0.99,1.19,6.98814513105626,6.98814513105626,0.418,6.9182636797457,8.31589270595695,5.39484804117543,1.39762902621125,1.39762902621125
341,999939377,"BEER WITH ALCOHOL",0.99,1.19,8.47999029971762,8.47999029971762,0.418,8.39519039672044,10.091188456664,6.546552511382,1.69599805994352,1.69599805994352
345,999939377,"BEER WITH ALCOHOL",0.99,1.03,154.39594558475,148.631795371605,0.418,152.851986128902,153.090749232754,90.9626587674225,0.238763103851483,2.64817789294575
395,999939377,"BEER WITH ALCOHOL",0.99,1.19,0.213905764417916,0.213905764417916,0.418,0.211766706773737,0.25454785965732,0.165135250130631,0.0427811528835833,0.0427811528835832
348,999939377,"BEER WITH ALCOHOL",0.99,1.19,0.386762636097349,0.386762636097349,0.418,0.382895009736376,0.460247536955846,0.298580755067154,0.0773525272194698,0.0773525272194698
588,999939377,"BEER WITH ALCOHOL",0.99,1.19,4.8547813184192,4.8547813184192,0.418,4.80623350523501,5.77718976891885,3.74789117781962,0.97095626368384,0.97095626368384
342,999246377,"COFFEES AND ROASTED MIXTURES",2.99,3.59,1.96996837616892,1.96996837616892,1.4155,5.89020544474507,7.07218647044642,4.28369623397931,1.18198102570135,1.18198102570135
349,999246377,"COFFEES AND ROASTED MIXTURES",2.99,3.59,0.312854956637897,0.297507624277399,1.4155,0.935436320347312,1.06805237115586,0.646930328991204,0.132616050808551,0.154340199764836
346,999246377,"COFFEES AND ROASTED MIXTURES",2.99,3.59,1.43762873860845,1.43762873860845,1.4155,4.29850992843925,5.16108717160432,3.12612369210407,0.862577243165067,0.862577243165067
343,999246377,"COFFEES AND ROASTED MIXTURES",2.99,3.59,1.89709105150652,1.89709105150652,1.4155,5.67230224400448,6.81055687490839,4.12522449150092,1.13825463090391,1.13825463090391
344,999246377,"COFFEES AND ROASTED MIXTURES",2.99,3.59,2.06753441648606,2.06753441648606,1.4155,6.18192790529333,7.42244855518497,4.49585358864895,1.24052064989164,1.24052064989164
341,999246377,"COFFEES AND ROASTED MIXTURES",2.99,3.59,5.42133650196944,5.42133650196944,1.4155,16.2097961408886,19.4625980420703,11.7886962235325,3.25280190118166,3.25280190118166
345,999246377,"COFFEES AND ROASTED MIXTURES",2.99,3.59,1.8423516399375,1.8423516399375,1.4155,5.50863140341312,6.61404238737562,4.00619364104409,1.1054109839625,1.1054109839625
588,999246377,"COFFEES AND ROASTED MIXTURES",2.99,3.59,1.29984687890948,1.29984687890948,1.4155,3.88654216793933,4.66645029528502,2.82651703818865,0.779908127345684,0.779908127345684
342,999235139,"COFFEES AND ROASTED MIXTURES",1.99,2.39,1.10921050794789,1.10921050794789,1.7005,2.2073289108163,2.65101311399546,0.76480064523007,0.443684203179156,0.443684203179156
343,999235139,"COFFEES AND ROASTED MIXTURES",1.99,2.39,1.89567495789747,1.89567495789747,1.7005,3.77239316621596,4.53066314937495,1.3070678834703,0.758269983158987,0.758269983158987
344,999235139,"COFFEES AND ROASTED MIXTURES",1.99,2.39,3.2429496956645,4.42096993841581,1.7005,6.45346989437235,10.5661181528138,3.0482587725377,4.11264825844145,2.10942483564283
341,999235139,"COFFEES AND ROASTED MIXTURES",1.99,2.39,2.60380863986615,2.60380863986615,1.7005,5.18157919333363,6.22310264928009,1.79532605718771,1.04152345594646,1.04152345594646
345,999235139,"COFFEES AND ROASTED MIXTURES",1.99,2.39,1.57309580941945,1.57309580941945,1.7005,3.1304606607447,3.75969898451248,1.08464956059471,0.629238323767779,0.629238323767779
395,999235139,"COFFEES AND ROASTED MIXTURES",1.99,2.39,1.92788710545942,1.92788710545942,1.7005,3.83649533986424,4.607650182048,1.32927815921427,0.771154842183767,0.771154842183767
348,999235139,"COFFEES AND ROASTED MIXTURES",1.99,2.39,2.39616162873221,2.39616162873221,1.7005,4.76836164117709,5.72682629266998,1.65215344301086,0.958464651492884,0.958464651492884
588,999235139,"COFFEES AND ROASTED MIXTURES",1.99,2.39,2.10015827366633,2.10015827366633,1.7005,4.179314964596,5.01937827406253,1.44805912969293,0.840063309466532,0.840063309466532
342,999377400,"COFFEES AND ROASTED MIXTURES",3.59,3.23,1.32014245437714,4.26098236520697,3.2205,4.73931141121395,13.7629730396185,0.0404793324694666,9.02366162840455,-0.447313304422888
346,999235121,"COFFEES AND ROASTED MIXTURES",3.59,4.31,2.18736299608136e-06,0.000203147049284827,3.2205,7.85263315593207e-06,0.000875563782417602,0.000221328710195819,0.00086771114926167,0.000220520479568766
341,999235121,"COFFEES AND ROASTED MIXTURES",3.59,3.23,0.235849620940328,2.94530243008001,3.2205,0.846700139175776,9.51332684915842,0.0279803730857591,8.66662670998264,-0.0591660618516919
344,999237142,"COFFEES AND ROASTED MIXTURES",9.89,8.7,0.999999999999999,2.10546099628731,8.5405,9.88999999999999,18.3175106676996,0.335821028907823,8.42751066769957,-1.01367897109218
345,999248664,"COFFEES AND ROASTED MIXTURES",2.75,3.3,2.62156525135513,4.62106578615676,1.3015,7.20930444122662,15.2495170943173,9.23519997363428,8.04021265309069,5.43786270704637
342,999453873,"BEER WITH ALCOHOL",1,1.2,9.26661034290746,8.83370336514376,0.758416666635,9.26661034290746,10.6004440381725,3.9008161779378,1.33383369526506,1.66215756230363
346,999453873,"BEER WITH ALCOHOL",1,0.8,3.77526434798934e-227,2.18543835666167e-181,0.758416666635,3.77526434798934e-227,1.74835068532934e-181,9.08778117337203e-183,1.74835068532934e-181,9.08778117337203e-183
588,999453873,"BEER WITH ALCOHOL",1,0.98,1.99999999999945,8.79999999866249,0.758416666635,1.99999999999945,8.62399999868924,1.94993333331563,6.62399999868979,1.46676666658576
344,999236095,"COFFEES AND ROASTED MIXTURES",2.99,3.59,0.00182362498632437,1.84140903448997,1.843,0.00545263870910986,6.61065843381898,3.21694158325397,6.60520579510987,3.21484988539466
342,999181149,"COFFEES AND ROASTED MIXTURES",1.99,2.39,1.35819794320282,1.35819794320282,1.8905,2.70281390697362,3.24609308425474,0.67841987262981,0.543279177281129,0.543279177281129
346,999181149,"COFFEES AND ROASTED MIXTURES",1.99,2.39,1.95846289920615,1.95846289920615,1.8905,3.89734116942024,4.6807263291027,0.978252218153472,0.78338515968246,0.78338515968246
343,999181149,"COFFEES AND ROASTED MIXTURES",1.99,2.39,4.02934617493051,4.02934617493051,1.8905,8.01839888811172,9.63013735808393,2.01265841437779,1.61173846997221,1.61173846997221
344,999181149,"COFFEES AND ROASTED MIXTURES",1.99,2.39,2.54450364490731,2.54450364490731,1.8905,5.06356225336554,6.08136371132846,1.2709795706312,1.01780145796292,1.01780145796292
341,999181149,"COFFEES AND ROASTED MIXTURES",1.99,2.39,1.6074690194711,1.6074690194711,1.8905,3.1988633487475,3.84185095653594,0.802930775225817,0.642987607788442,0.642987607788442
345,999181149,"COFFEES AND ROASTED MIXTURES",1.99,2.39,1.72587178892468,1.72587178892468,1.8905,3.4344848599601,4.12483357552998,0.862072958567876,0.690348715569871,0.690348715569871
395,999181149,"COFFEES AND ROASTED MIXTURES",1.99,2.39,1.04408469284842,1.04408469284842,1.8905,2.07772853876836,2.49536241590773,0.521520304077787,0.417633877139369,0.417633877139369
588,999181149,"COFFEES AND ROASTED MIXTURES",1.99,2.39,0.702243733686147,0.702243733686147,1.8905,1.39746503003543,1.67836252350989,0.350770744976231,0.280897493474459,0.280897493474459
342,999175497,"COFFEES AND ROASTED MIXTURES",9.89,11.87,2,2,8.5405,19.78,23.74,6.659,3.96,3.96
349,999175497,"COFFEES AND ROASTED MIXTURES",9.89,11.87,1,1,8.5405,9.89,11.87,3.3295,1.98,1.98
342,999226130,"BEER WITH ALCOHOL",3.29,3.95,1.31610484826969,1.31610484826969,2.8405,4.32998495080728,5.19861415066527,1.46021832915522,0.868629199857994,0.868629199857994
349,999226130,"BEER WITH ALCOHOL",3.29,3.95,1.97845471801428,1.97845471801428,2.8405,6.50911602226698,7.81489613615641,2.19509550963684,1.30578011388942,1.30578011388942
343,999226130,"BEER WITH ALCOHOL",3.29,3.95,1.51259874106249,1.51259874106249,2.8405,4.9764498580956,5.97476502719684,1.67822830320883,0.998315169101245,0.998315169101245
344,999226130,"BEER WITH ALCOHOL",3.29,3.95,2,2,2.8405,6.58,7.9,2.219,1.32,1.32
345,999226130,"BEER WITH ALCOHOL",3.29,3.95,1.54494145433116,1.54494145433116,2.8405,5.08285738474953,6.1025187446081,1.71411254358043,1.01966135985857,1.01966135985857
395,999226130,"BEER WITH ALCOHOL",3.29,2.9,2.60816895602264,3.02324049689355,2.8405,8.58087586531449,8.76739744099129,0.179882809565166,0.186521575676801,-0.99248913616701
342,999235113,"COFFEES AND ROASTED MIXTURES",1.99,2.39,2.22294100750918,2.22294100750918,1.7005,4.42365260494327,5.31282900794695,1.53271782467758,0.889176403003673,0.889176403003673
344,999235113,"COFFEES AND ROASTED MIXTURES",1.99,2.39,3.65239550157102,4.01910709873731,1.7005,7.26826704812632,9.60566596598218,2.77117434457938,2.33739891785585,1.71380584687457
341,999235113,"COFFEES AND ROASTED MIXTURES",1.99,2.39,1.55094277088413,1.55094277088413,1.7005,3.08637611405942,3.70675322241307,1.06937504052461,0.620377108353653,0.620377108353653
345,999235113,"COFFEES AND ROASTED MIXTURES",1.99,2.39,1.43040622490218,1.43040622490218,1.7005,2.84650838755534,3.41867087751621,0.986265092070054,0.572162489960873,0.572162489960873
395,999235113,"COFFEES AND ROASTED MIXTURES",1.99,2.39,1.57955703176075,1.57955703176075,1.7005,3.1433184932039,3.7751413059082,1.08910457339904,0.631822812704301,0.631822812704301
588,999235113,"COFFEES AND ROASTED MIXTURES",1.99,2.39,1.25533115141183,1.25533115141183,1.7005,2.49810899130953,3.00024145187426,0.865550828898454,0.50213246056473,0.50213246056473
343,999428518,"BEER WITH ALCOHOL",1.99,2.39,1.2554180226693,1.2554180226693,1.4155,2.4982818651119,3.00044907417962,1.22340486309123,0.502167209067718,0.502167209067718
344,999428518,"BEER WITH ALCOHOL",1.99,2.39,12.4661912733784,12.4661912733784,1.4155,24.8077206340231,29.7941971433745,12.1483033959073,4.98647650935138,4.98647650935138
342,999515110,"BEER WITH ALCOHOL",0.89,1.07,7.32701495046286,7.32701495046286,0.798,6.52104330591195,7.83990599699526,1.9929480665259,1.31886269108332,1.31886269108332
349,999515110,"BEER WITH ALCOHOL",0.89,0.8,1.65431879032515,6.06612096420986,0.798,1.47234372338938,4.85289677136789,0.0121322419284207,3.38055304797851,-0.140065086781493
341,999515110,"BEER WITH ALCOHOL",0.89,1.07,3.07765082838761,3.07765082838761,0.798,2.73910923726497,3.29308638637474,0.83712102532143,0.55397714910977,0.55397714910977
349,999340946,"COFFEES AND ROASTED MIXTURES",4,3.28,0.162795079516977,0.748596753835048,3.23,0.651180318067907,2.45539735257896,0.0374298376917523,1.80421703451105,-0.0879223735363197
346,999340946,"COFFEES AND ROASTED MIXTURES",4,4.8,1,1,3.23,4,4.8,1.57,0.8,0.8
344,999340946,"COFFEES AND ROASTED MIXTURES",4,4.8,2.18245618738202,2.18245618738201,3.23,8.72982474952808,10.4757896994336,3.42645621418976,1.74596494990557,1.7459649499056
588,999340946,"COFFEES AND ROASTED MIXTURES",4,4.8,1,1,3.23,4,4.8,1.57,0.8,0.8
342,999515108,"BEER WITH ALCOHOL",0.35,0.42,28.3510256110838,28.3510256110838,0.3325,9.92285896387934,11.9074307566552,2.48071474096984,1.98457179277587,1.98457179277587
349,999515108,"BEER WITH ALCOHOL",0.35,0.42,3.55737161858006,3.55737161858006,0.3325,1.24508006650302,1.49409607980363,0.311270016625756,0.249016013300605,0.249016013300605
346,999515108,"BEER WITH ALCOHOL",0.35,0.42,4.01579329958639,4.01579329958639,0.3325,1.40552765485524,1.68663318582628,0.351381913713809,0.281105530971047,0.281105530971047
343,999515108,"BEER WITH ALCOHOL",0.35,0.42,6.7060762596064,6.7060762596064,0.3325,2.34712669086224,2.81655202903469,0.58678167271556,0.469425338172448,0.469425338172448
344,999515108,"BEER WITH ALCOHOL",0.35,0.42,7.0797653576262,7.0797653576262,0.3325,2.47791787516917,2.973501450203,0.619479468792292,0.495583575033834,0.495583575033834
341,999515108,"BEER WITH ALCOHOL",0.35,0.42,5.66322801061309,5.66322801061309,0.3325,1.98212980371458,2.3785557644575,0.495532450928646,0.396425960742917,0.396425960742917
345,999515108,"BEER WITH ALCOHOL",0.35,0.42,2.324404168353,2.324404168353,0.3325,0.813541458923551,0.976249750708262,0.203385364730888,0.16270829178471,0.16270829178471
395,999515108,"BEER WITH ALCOHOL",0.35,0.42,6.38754721457276,6.38754721457276,0.3325,2.23564152510047,2.68276983012056,0.558910381275116,0.447128305020093,0.447128305020093
348,999515108,"BEER WITH ALCOHOL",0.35,0.42,1.97023732424071,1.97023732424071,0.3325,0.68958306348425,0.8274996761811,0.172395765871063,0.13791661269685,0.13791661269685
588,999515108,"BEER WITH ALCOHOL",0.35,0.42,6.58708359831839,6.58708359831839,0.3325,2.30547925941144,2.76657511129372,0.576369814852859,0.461095851882287,0.461095851882287
346,999234571,"COFFEES AND ROASTED MIXTURES",2.99,3.59,4.39999999999913,4.4,2.299,13.1559999999974,15.796,5.6804,2.6400000000026,2.6400000000006
343,999234571,"COFFEES AND ROASTED MIXTURES",2.99,3.59,3,3,2.299,8.97,10.77,3.873,1.8,1.8
342,999167394,"COFFEES AND ROASTED MIXTURES",6.99,8.39,0.511890591983333,0.511890591983333,6.6405,3.5781152379635,4.29476206674017,0.895552590674841,0.716646828776667,0.716646828776667
344,999167394,"COFFEES AND ROASTED MIXTURES",6.99,8.39,2.61268569468012,2.61268569468012,6.6405,18.2626730058141,21.9204329783662,4.57089362284288,3.65775997255217,3.65775997255217
342,999251342,"COFFEES AND ROASTED MIXTURES",3.52,4.22,2.00950090482043,2.00950090482043,3.344,7.07344318496791,8.48009381834221,1.7603227926227,1.4066506333743,1.4066506333743
349,999251342,"COFFEES AND ROASTED MIXTURES",3.52,4.22,1.83528015350025,1.83528015350025,3.344,6.46018614032088,7.74488224777106,1.60770541446622,1.28469610745017,1.28469610745017
343,999251342,"COFFEES AND ROASTED MIXTURES",3.52,4.22,0.838131845156069,0.838131845156069,3.344,2.95022409494936,3.53691638655861,0.734203496356717,0.586692291609249,0.586692291609249
345,999251342,"COFFEES AND ROASTED MIXTURES",3.52,4.22,1.49049291728097,1.49049291728097,3.344,5.246535068829,6.28988011092568,1.30567179553813,1.04334504209668,1.04334504209668
588,999522919,"BEER WITH ALCOHOL",1,1.2,6.27606620801317,8.61501435514326,0.73625,6.27606620801317,10.3380172261719,3.99521290719769,4.06195101815874,2.33990044483421
342,999252241,"BEER WITH ALCOHOL",0.93,0.8,2.6800677888539,3.16640707590036,0.45125,2.49246304363413,2.53312566072029,1.10428446772025,0.0406626170861624,-0.178797986193553
345,999252241,"BEER WITH ALCOHOL",0.93,0.74,1.51991605446258e-07,8.00362256612173e-07,0.45125,1.4135219306502e-07,5.92268069893008e-07,2.31104601596765e-07,4.50915876827988e-07,1.58338620489369e-07
588,999252241,"BEER WITH ALCOHOL",0.93,0.74,7.03814686003563,14.2256430041786,0.45125,6.54547657983314,10.5269758230921,4.10765441745656,3.98149924325899,0.738141608214497
344,999434266,"COFFEES AND ROASTED MIXTURES",5.79,6.95,0.852484640151662,1.09783059781603,5.2155,4.93588606647812,7.62992265482142,1.90418717191191,2.6940365883433,1.41443474614478
345,999434266,"COFFEES AND ROASTED MIXTURES",5.79,6.95,1,1,5.2155,5.79,6.95,1.7345,1.16,1.16
343,999251660,"COFFEES AND ROASTED MIXTURES",2.95,3.54,2,2,1.3205,5.9,7.08,4.439,1.18,1.18
395,999251660,"COFFEES AND ROASTED MIXTURES",2.95,3.54,3.2104015995919,3.24412534145863,1.3205,9.47068471879611,11.4842037087636,7.20033619536743,2.01351898996744,1.96898678883242
344,999377399,"COFFEES AND ROASTED MIXTURES",3.59,3.09,1.79348094193539,3.10481079953004,2.2705,6.43859658154806,9.59386537054783,2.54439245021487,3.15526878899977,0.177894347331117
349,999465746,"BEER WITH ALCOHOL",0.89,1.07,11.9045128890065,12.5308348420066,0.418,10.5950164712158,13.407993280947,8.17010431698829,2.81297680973129,2.55117423337724
345,999465746,"BEER WITH ALCOHOL",0.89,1.07,1,1,0.418,0.89,1.07,0.652,0.18,0.18
342,999233824,"COFFEES AND ROASTED MIXTURES",3.52,4.22,1.72543176806516,1.72543176806516,3.344,6.07351982358936,7.28132206123497,1.51147822882508,1.20780223764561,1.20780223764561
344,999233824,"COFFEES AND ROASTED MIXTURES",3.52,4.22,1.15587985980555,1.15587985980555,3.344,4.06869710651554,4.87781300837943,1.01255075718966,0.809115901863886,0.809115901863886
341,999233824,"COFFEES AND ROASTED MIXTURES",3.52,4.22,1.10048110975286,1.10048110975286,3.344,3.87369350633008,4.64403028315709,0.96402145214351,0.770336776827005,0.770336776827005
342,999184382,"COFFEES AND ROASTED MIXTURES",2.74,3.29,4.0661672784379,4.22724365878517,1.3015,11.1412983429198,13.9076316374032,8.40587401549431,2.76633329448337,2.5566923854614
344,999168803,"BEER WITH ALCOHOL",0.67,0.8,18.6999999888169,18.7,0.627,12.5289999925074,14.96,3.2351,2.43100000749265,2.43100000048087
346,999228221,"COFFEES AND ROASTED MIXTURES",3.99,4.79,2.9857209967422,2.9857209967422,3.6005,11.9130267770014,14.3016035743951,3.55151512562485,2.38857679739376,2.38857679739376
342,999155502,"BEER WITH ALCOHOL",0.99,1.19,0.280273408566368,0.280273408566368,0.9405,0.277470674480704,0.333525356193978,0.0699282154373088,0.0560546817132735,0.0560546817132735
588,999155502,"BEER WITH ALCOHOL",0.99,1.19,11.5702489033265,11.5702489033265,0.9405,11.4545464142933,13.7685961949586,2.88677710137997,2.31404978066531,2.31404978066531
